,id,date,first_name,last_name,email,gender,country,price_paid,tax,price_ht
0,1,03/28/2021,Marylin,Alders,malders0@shop-pro.jp,M,Canada,5.36,0.0,5.36
1,2,03/19/2021,Hinda,Harridge,hharridge1@gnu.org,F,Canada,8.32,0.0,8.32
2,3,03/17/2021,Erl,Kilminster,ekilminster2@etsy.com,M,United States,3.73,20.0,2.984
3,4,03/19/2021,Grata,Brantl,gbrantl3@umn.edu,F,United States,3.7,20.0,2.9600000000000004
4,5,03/24/2021,Kanya,Beasant,kbeasant4@jigsy.com,M,Morocco,9.24,20.0,7.392
5,6,03/25/2021,Titos,Braybrooke,tbraybrooke5@umn.edu,F,United States,5.82,0.0,5.82
6,7,03/14/2021,Ava,Kencott,akencott6@phoca.cz,F,Canada,6.29,0.0,6.29
7,8,03/08/2021,Codi,Feasley,cfeasley7@ed.gov,M,France,3.01,20.0,2.408
8,9,03/09/2021,Waylon,Heersema,wheersema8@tumblr.com,M,Canada,3.7,20.0,2.9600000000000004
9,10,03/23/2021,Guglielma,Gookes,ggookes9@amazon.co.uk,M,France,9.05,0.0,9.05
10,11,03/11/2021,Lief,Woodcraft,lwoodcrafta@sitemeter.com,M,Canada,5.71,0.0,5.71
11,12,03/16/2021,Bailie,Wyman,bwymanb@lulu.com,M,United States,3.15,20.0,2.52
12,13,03/05/2021,Janice,Morillas,jmorillasc@miibeian.gov.cn,F,Canada,5.3,20.0,4.24
13,14,03/24/2021,Cull,Vassie,cvassied@unblog.fr,,France,5.97,20.0,4.776
14,15,03/21/2021,Oralie,Maryon,omaryone@va.gov,F,United States,4.53,20.0,3.6240000000000006
15,16,03/24/2021,Julina,Faint,jfaintf@amazon.co.jp,F,United States,4.1,20.0,3.28
16,17,03/27/2021,Eve,Allaway,eallawayg@ebay.co.uk,F,United States,6.44,20.0,5.152000000000001
17,18,03/20/2021,Esta,Boulden,ebouldenh@posterous.com,,United States,3.16,20.0,2.5280000000000005
18,19,03/16/2021,Judye,Behan,jbehani@google.es,F,France,4.9,20.0,3.9200000000000004
19,20,03/01/2021,Sibeal,Mounch,smounchj@rakuten.co.jp,M,Canada,5.82,20.0,4.656000000000001
20,21,03/12/2021,Jeffrey,Stanman,jstanmank@latimes.com,F,France,5.55,20.0,4.44
21,22,03/05/2021,Mendie,Ayer,mayerl@squarespace.com,M,Canada,4.86,20.0,3.8880000000000003
22,23,03/03/2021,Muriel,Pexton,mpextonm@bing.com,M,Canada,6.72,20.0,5.376
23,24,03/09/2021,Ermanno,Ghost,eghostn@webnode.com,M,Canada,9.79,0.0,9.79
24,25,03/02/2021,Tod,Willets,twilletso@artisteer.com,M,Canada,8.23,0.0,8.23
25,26,03/14/2021,Nobe,Stobbart,nstobbartp@php.net,F,United States,9.9,0.0,9.9
26,27,03/27/2021,Elyse,Glaysher,eglaysherq@mayoclinic.com,,United States,5.88,0.0,5.88
27,28,03/25/2021,Staford,London,slondonr@sphinn.com,M,United States,3.06,20.0,2.4480000000000004
28,29,03/03/2021,Willabella,Robbins,wrobbinss@tinyurl.com,F,,9.52,20.0,7.616
29,30,03/02/2021,Edi,Petru,epetrut@census.gov,M,United States,6.76,20.0,5.408
30,31,03/28/2021,Tommi,Ditchburn,tditchburnu@bbc.co.uk,F,Morocco,7.81,20.0,6.248
31,32,03/10/2021,Jillene,Baudi,jbaudiv@gizmodo.com,F,France,6.02,20.0,4.816
32,33,03/29/2021,Eadmund,Laurent,elaurentw@economist.com,M,United States,5.0,20.0,4.0
33,34,03/20/2021,Cam,Francescoccio,cfrancescocciox@si.edu,F,United States,5.34,20.0,4.272
34,35,03/02/2021,Trescha,McCudden,tmccuddeny@nbcnews.com,F,France,4.67,20.0,3.736
35,36,03/11/2021,Charmian,Greenleaf,cgreenleafz@tinypic.com,M,France,6.22,20.0,4.976
36,37,03/08/2021,Daisy,Jobey,djobey10@ovh.net,M,France,3.37,20.0,2.696
37,38,03/20/2021,Byram,Dudman,bdudman11@barnesandnoble.com,M,United States,9.5,0.0,9.5
38,39,03/22/2021,Matthus,Saket,msaket12@netlog.com,F,Canada,4.54,20.0,3.632
39,40,03/14/2021,Murdock,Speaks,mspeaks13@yellowbook.com,F,Canada,4.04,20.0,3.232
40,41,03/17/2021,Em,Dupoy,edupoy14@foxnews.com,M,United States,3.45,20.0,2.7600000000000002
41,42,03/23/2021,Filberte,O'Hickey,fohickey15@bandcamp.com,F,France,4.96,0.0,4.96
42,43,03/22/2021,Tonia,Jacqueme,tjacqueme16@hugedomains.com,M,Morocco,5.29,20.0,4.232
43,44,03/22/2021,Karena,Stirland,kstirland17@privacy.gov.au,M,United States,8.11,0.0,8.11
44,45,03/20/2021,Maribelle,Shiel,mshiel18@gravatar.com,M,United States,3.37,20.0,2.696
45,46,03/29/2021,Sheba,Pobjay,spobjay19@google.com.br,M,United States,7.8,0.0,7.8
46,47,03/14/2021,Keene,Bewsy,kbewsy1a@prweb.com,F,France,4.21,0.0,4.21
47,48,03/16/2021,Georgy,Morgen,gmorgen1b@cbsnews.com,F,United States,9.81,20.0,7.848000000000001
48,49,03/27/2021,Sylas,Caffin,scaffin1c@slashdot.org,F,United States,9.7,0.0,9.7
49,50,03/16/2021,Grantham,Kerins,gkerins1d@paginegialle.it,,France,9.71,20.0,7.768000000000001
50,51,03/26/2021,Maybelle,Lile,mlile1e@imageshack.us,M,France,3.88,20.0,3.104
51,52,03/14/2021,Shani,Dumbarton,sdumbarton1f@istockphoto.com,M,France,3.4,0.0,3.4
52,53,03/16/2021,Isiahi,Mowsdell,imowsdell1g@merriam-webster.com,M,Canada,9.23,0.0,9.23
53,54,03/17/2021,Ange,Purvess,apurvess1h@ucsd.edu,M,United States,6.57,20.0,5.256
54,55,03/25/2021,Odell,Ricart,oricart1i@discovery.com,M,France,9.99,0.0,9.99
55,56,03/25/2021,Boy,Tilzey,btilzey1j@zdnet.com,F,France,6.94,0.0,6.94
56,57,03/05/2021,Novelia,Najafian,nnajafian1k@cam.ac.uk,,Canada,4.26,20.0,3.408
57,58,03/21/2021,Barrie,Sigge,bsigge1l@jimdo.com,F,France,9.13,20.0,7.304000000000001
58,59,03/12/2021,Eward,O' Finan,eofinan1m@nature.com,M,United States,6.66,0.0,6.66
59,60,03/11/2021,Haley,Cocksedge,hcocksedge1n@berkeley.edu,F,United States,9.35,0.0,9.35
60,61,03/06/2021,Renault,Clowes,rclowes1o@deliciousdays.com,F,France,3.04,0.0,3.04
61,62,03/17/2021,Mill,Haughan,mhaughan1p@ox.ac.uk,F,United States,6.17,20.0,4.936
62,63,03/20/2021,Marlee,Dyas,mdyas1q@instagram.com,M,United States,7.68,20.0,6.144
63,64,03/11/2021,Marcus,Helstrom,mhelstrom1r@ucoz.ru,F,Canada,4.23,20.0,3.3840000000000003
64,65,03/29/2021,Kelbee,Carriage,kcarriage1s@sina.com.cn,F,Canada,4.69,20.0,3.7520000000000007
65,66,03/29/2021,Kaitlin,Doubrava,kdoubrava1t@icio.us,F,France,4.96,20.0,3.968
66,67,03/25/2021,Leonora,Eburah,leburah1u@businessinsider.com,F,Canada,7.56,20.0,6.048
67,68,03/19/2021,Madlin,Filyakov,mfilyakov1v@blinklist.com,F,United States,5.92,0.0,5.92
68,69,03/02/2021,Derick,Hunnicutt,dhunnicutt1w@chronoengine.com,F,France,4.65,20.0,3.7200000000000006
69,70,03/16/2021,Jose,Oliva,joliva1x@ovh.net,M,Canada,6.79,20.0,5.432
70,71,03/22/2021,Dallis,MacShirrie,dmacshirrie1y@homestead.com,,France,8.71,20.0,6.968000000000001
71,72,03/25/2021,Randolf,Poskitt,rposkitt1z@ftc.gov,F,France,8.96,0.0,8.96
72,73,03/20/2021,Phillipp,Benedict,pbenedict20@smugmug.com,F,France,4.39,0.0,4.39
73,74,03/23/2021,Brad,Ramsell,bramsell21@tmall.com,F,United States,7.54,20.0,6.032
74,75,03/24/2021,Kasper,Asman,kasman22@economist.com,F,United States,5.83,20.0,4.664000000000001
75,76,03/28/2021,Penelope,Brood,pbrood23@macromedia.com,M,Morocco,6.39,0.0,6.39
76,77,03/07/2021,Angelle,Wilhelmy,awilhelmy24@usa.gov,,United States,9.6,20.0,7.68
77,78,03/27/2021,Candace,Birckmann,cbirckmann25@biglobe.ne.jp,M,France,9.68,20.0,7.744
78,79,03/16/2021,Patrice,Mariot,pmariot26@jimdo.com,F,United States,9.86,20.0,7.888
79,80,03/16/2021,Rutger,Trehearne,rtrehearne27@bbb.org,,Canada,5.53,0.0,5.53
80,81,03/11/2021,Desirae,Sappell,dsappell28@mapquest.com,F,United States,3.51,20.0,2.808
81,82,03/17/2021,Carlye,Giovannardi,cgiovannardi29@yolasite.com,F,Canada,8.43,0.0,8.43
82,83,03/20/2021,Ricca,Mantle,rmantle2a@ucla.edu,M,Canada,6.89,20.0,5.5120000000000005
83,84,03/14/2021,Mandi,Mancell,mmancell2b@bing.com,M,France,9.6,20.0,7.68
84,85,03/25/2021,Donavon,Dilleston,ddilleston2c@sphinn.com,M,United States,6.68,20.0,5.344
85,86,03/17/2021,Waite,Penticoot,wpenticoot2d@netlog.com,M,Canada,7.56,0.0,7.56
86,87,03/30/2021,Bonni,Mathews,bmathews2e@xing.com,M,Canada,4.66,0.0,4.66
87,88,03/27/2021,Cairistiona,Saye,csaye2f@prnewswire.com,,United States,4.39,0.0,4.39
88,89,03/21/2021,Randy,Tiebe,rtiebe2g@livejournal.com,F,Morocco,4.95,20.0,3.9600000000000004
89,90,03/03/2021,Laverne,Dunbobin,ldunbobin2h@indiegogo.com,M,,6.77,20.0,5.416
90,91,03/06/2021,Addy,Berthelet,aberthelet2i@wikispaces.com,F,France,7.48,0.0,7.48
91,92,03/02/2021,Camey,Petrolli,cpetrolli2j@elegantthemes.com,F,United States,7.23,20.0,5.784000000000001
92,93,03/19/2021,Merrill,Ambrosini,mambrosini2k@ibm.com,F,France,8.12,0.0,8.12
93,94,03/17/2021,Mikaela,Alberti,malberti2l@linkedin.com,M,France,3.16,20.0,2.5280000000000005
94,95,03/17/2021,Shannan,Giacomozzo,sgiacomozzo2m@psu.edu,F,United States,5.8,0.0,5.8
95,96,03/09/2021,Winnifred,Hallwood,whallwood2n@virginia.edu,M,France,6.06,20.0,4.848
96,97,03/20/2021,Devonne,Clowsley,dclowsley2o@ebay.co.uk,F,United States,4.71,0.0,4.71
97,98,03/23/2021,Nikolai,Hallett,nhallett2p@marketwatch.com,F,France,7.78,20.0,6.224
98,99,03/06/2021,Gerardo,Antley,gantley2q@php.net,M,Canada,9.67,20.0,7.736000000000001
99,100,03/02/2021,Boy,Jimenez,bjimenez2r@ucla.edu,,Canada,9.93,20.0,7.944
100,101,03/04/2021,Jinny,Del Castello,jdelcastello2s@nhs.uk,F,France,4.56,0.0,4.56
101,102,03/18/2021,Fletch,Hambers,fhambers2t@trellian.com,F,United States,4.42,20.0,3.536
102,103,03/02/2021,Fanya,Rhead,frhead2u@seattletimes.com,F,United States,4.12,20.0,3.2960000000000003
103,104,03/30/2021,Richmond,Matis,rmatis2v@illinois.edu,M,United States,8.96,0.0,8.96
104,105,03/07/2021,Lay,Bouchier,lbouchier2w@multiply.com,M,Morocco,4.32,20.0,3.4560000000000004
105,106,03/02/2021,Kellina,Breache,kbreache2x@answers.com,F,United States,5.8,20.0,4.64
106,107,03/09/2021,Olivie,Hlavac,ohlavac2y@vkontakte.ru,F,France,8.83,20.0,7.064
107,108,03/19/2021,Warren,Rush,wrush2z@topsy.com,F,France,3.18,20.0,2.5440000000000005
108,109,03/09/2021,Baxie,Bisp,bbisp30@sourceforge.net,M,France,8.86,20.0,7.088
109,110,03/27/2021,Hercules,Hyman,hhyman31@cargocollective.com,F,France,7.2,0.0,7.2
110,111,03/28/2021,Cordy,Bagnell,cbagnell32@tuttocitta.it,F,Canada,3.72,0.0,3.72
111,112,03/14/2021,Kent,Mathonnet,kmathonnet33@google.ru,F,United States,7.67,20.0,6.136
112,113,03/06/2021,Alyse,Skelding,askelding34@cloudflare.com,M,United States,8.68,20.0,6.944
113,114,03/09/2021,Greggory,Leverentz,gleverentz35@yolasite.com,F,France,9.58,20.0,7.664000000000001
114,115,03/19/2021,Delila,Littlemore,dlittlemore36@kickstarter.com,F,France,7.91,20.0,6.328
115,116,03/18/2021,Michael,Domini,mdomini37@umich.edu,M,United States,6.94,0.0,6.94
116,117,03/07/2021,Hedvig,Randlesome,hrandlesome38@oakley.com,F,France,7.65,20.0,6.120000000000001
117,118,03/02/2021,Rube,De Pero,rdepero39@time.com,F,United States,8.77,20.0,7.016
118,119,03/27/2021,Olly,Meadowcroft,omeadowcroft3a@uol.com.br,M,United States,7.17,20.0,5.736000000000001
119,120,03/25/2021,Kristal,Kettel,kkettel3b@nps.gov,,Morocco,9.47,20.0,7.5760000000000005
120,121,03/17/2021,Tasha,Monkhouse,tmonkhouse3c@chronoengine.com,M,United States,8.97,20.0,7.176000000000001
121,122,03/25/2021,Pen,Jacques,pjacques3d@walmart.com,F,United States,6.07,20.0,4.856000000000001
122,123,03/01/2021,Karrie,Stacy,kstacy3e@ycombinator.com,F,United States,9.89,20.0,7.912000000000001
123,124,03/26/2021,Shaun,Palphreyman,spalphreyman3f@boston.com,M,France,8.85,20.0,7.08
124,125,03/10/2021,Calla,Willes,cwilles3g@prweb.com,F,France,9.58,0.0,9.58
125,126,03/28/2021,Kaleena,Lewry,klewry3h@mediafire.com,M,United States,9.37,20.0,7.4959999999999996
126,127,03/09/2021,Caryl,Barrowcliff,cbarrowcliff3i@census.gov,M,France,7.03,0.0,7.03
127,128,03/27/2021,Guthrey,Boatswain,gboatswain3j@scribd.com,F,United States,4.42,0.0,4.42
128,129,03/20/2021,Addi,Hardwicke,ahardwicke3k@opensource.org,F,France,5.9,20.0,4.720000000000001
129,130,03/01/2021,Lockwood,Folca,lfolca3l@bing.com,M,United States,4.0,20.0,3.2
130,131,03/11/2021,Piotr,Stang-Gjertsen,pstanggjertsen3m@shutterfly.com,M,France,6.88,20.0,5.5040000000000004
131,132,03/09/2021,Ricky,Guerra,rguerra3n@linkedin.com,F,,8.75,0.0,8.75
132,133,03/26/2021,Nowell,Nelson,nnelson3o@dyndns.org,M,Canada,3.03,20.0,2.424
133,134,03/13/2021,Hermann,Sinott,hsinott3p@godaddy.com,F,Canada,6.64,20.0,5.312
134,135,03/27/2021,Auria,Trumpeter,atrumpeter3q@about.com,M,France,8.65,20.0,6.920000000000001
135,136,03/09/2021,Avery,Amner,aamner3r@ucoz.com,F,United States,5.98,0.0,5.98
136,137,03/29/2021,Calida,Ilsley,cilsley3s@netvibes.com,F,United States,8.69,20.0,6.952
137,138,03/01/2021,Amelita,Guard,aguard3t@ocn.ne.jp,M,France,4.46,20.0,3.568
138,139,03/17/2021,Greg,Bernucci,gbernucci3u@themeforest.net,M,United States,3.03,0.0,3.03
139,140,03/29/2021,Tobi,Mennear,tmennear3v@opensource.org,F,France,4.24,0.0,4.24
140,141,03/02/2021,Tiffy,Easdon,teasdon3w@apache.org,M,France,8.79,0.0,8.79
141,142,03/01/2021,Flossi,Hencke,fhencke3x@reverbnation.com,M,France,4.82,20.0,3.8560000000000003
142,143,03/27/2021,Zelma,Whitefoot,zwhitefoot3y@cbsnews.com,F,France,8.16,20.0,6.5280000000000005
143,144,03/27/2021,Gisela,Aggott,gaggott3z@economist.com,M,France,7.19,20.0,5.752000000000001
144,145,03/17/2021,Beale,Jannaway,bjannaway40@nba.com,F,United States,5.87,20.0,4.696000000000001
145,146,03/05/2021,Cully,Carruth,ccarruth41@goodreads.com,F,United States,7.05,0.0,7.05
146,147,03/24/2021,Lyndsey,Winfred,lwinfred42@blog.com,F,United States,3.93,0.0,3.93
147,148,03/28/2021,Thorin,Neagle,tneagle43@netvibes.com,F,,4.0,20.0,3.2
148,149,03/16/2021,Wernher,Crowch,wcrowch44@last.fm,,France,5.33,20.0,4.264
149,150,03/24/2021,Lizzie,Giuroni,lgiuroni45@mashable.com,F,France,3.04,20.0,2.4320000000000004
150,151,03/27/2021,Brook,Fone,bfone46@wunderground.com,M,France,8.85,20.0,7.08
151,152,03/04/2021,Dahlia,Thorius,dthorius47@booking.com,M,United States,6.09,0.0,6.09
152,153,03/23/2021,Easter,Currom,ecurrom48@drupal.org,F,France,5.72,20.0,4.576
153,154,03/06/2021,Dorene,Pasfield,dpasfield49@techcrunch.com,F,Canada,3.12,20.0,2.4960000000000004
154,155,03/06/2021,Sauncho,Donald,sdonald4a@multiply.com,F,Canada,3.06,20.0,2.4480000000000004
155,156,03/19/2021,Josh,Mazey,jmazey4b@loc.gov,M,United States,8.45,20.0,6.76
156,157,03/01/2021,Amerigo,Doggrell,adoggrell4c@apache.org,F,France,6.86,20.0,5.488
157,158,03/19/2021,Clare,Wloch,cwloch4d@bluehost.com,M,Canada,4.74,20.0,3.7920000000000003
158,159,03/07/2021,Ethelin,Gors,egors4e@blogtalkradio.com,F,Morocco,7.98,20.0,6.384
159,160,03/16/2021,Kirsten,Beagles,kbeagles4f@cmu.edu,M,France,8.7,20.0,6.96
160,161,03/23/2021,Elke,Baroch,ebaroch4g@vk.com,M,Canada,4.57,20.0,3.6560000000000006
161,162,03/10/2021,Magdalen,Karpman,mkarpman4h@flavors.me,M,Canada,4.38,20.0,3.504
162,163,03/24/2021,Salim,Worgen,sworgen4i@g.co,,United States,9.47,20.0,7.5760000000000005
163,164,03/07/2021,Gage,Dumingo,gdumingo4j@google.ca,F,France,6.8,0.0,6.8
164,165,03/17/2021,Zonda,Qualtro,zqualtro4k@mozilla.com,,Canada,6.53,0.0,6.53
165,166,03/30/2021,Tadd,Drakeley,tdrakeley4l@intel.com,F,France,7.27,20.0,5.816
166,167,03/03/2021,Gabey,Cadalleder,gcadalleder4m@issuu.com,M,United States,7.75,20.0,6.2
167,168,03/17/2021,Patrick,Akers,pakers4n@clickbank.net,M,,3.95,20.0,3.16
168,169,03/01/2021,Willis,Sandercroft,wsandercroft4o@loc.gov,F,Morocco,10.0,20.0,8.0
169,170,03/28/2021,Clayborne,Meadway,cmeadway4p@sina.com.cn,F,Canada,6.96,20.0,5.5680000000000005
170,171,03/01/2021,Ad,Jirzik,ajirzik4q@cam.ac.uk,F,United States,6.58,20.0,5.264
171,172,03/12/2021,Shelia,Fagge,sfagge4r@fda.gov,F,Canada,6.94,20.0,5.5520000000000005
172,173,03/09/2021,Terencio,Stoop,tstoop4s@about.com,M,France,7.65,20.0,6.120000000000001
173,174,03/27/2021,Issiah,Phipp,iphipp4t@godaddy.com,F,United States,5.56,20.0,4.4479999999999995
174,175,03/18/2021,Florencia,Hindmoor,fhindmoor4u@g.co,F,United States,6.31,0.0,6.31
175,176,03/28/2021,Meredeth,Blaymires,mblaymires4v@webnode.com,F,Canada,5.49,20.0,4.392
176,177,03/06/2021,Norean,Dundridge,ndundridge4w@macromedia.com,F,Canada,6.71,0.0,6.71
177,178,03/10/2021,Salvidor,Hardisty,shardisty4x@omniture.com,F,United States,6.93,20.0,5.5440000000000005
178,179,03/08/2021,Jaynell,Reeday,jreeday4y@google.cn,M,Canada,4.92,0.0,4.92
179,180,03/08/2021,Faythe,Cottey,fcottey4z@goo.gl,F,France,9.02,20.0,7.216
180,181,03/25/2021,Laurice,Furness,lfurness50@virginia.edu,,,5.91,20.0,4.728000000000001
181,182,03/19/2021,Blondie,Tarney,btarney51@vk.com,F,United States,9.27,0.0,9.27
182,183,03/08/2021,Serena,Lorain,slorain52@tamu.edu,M,Canada,4.97,0.0,4.97
183,184,03/10/2021,Gordie,Rillatt,grillatt53@free.fr,M,United States,7.02,20.0,5.616
184,185,03/06/2021,Renate,Antonioni,rantonioni54@engadget.com,M,France,3.1,20.0,2.4800000000000004
185,186,03/23/2021,Salim,Babbs,sbabbs55@senate.gov,F,France,7.05,20.0,5.640000000000001
186,187,03/12/2021,Veda,Arkwright,varkwright56@alexa.com,F,,4.25,20.0,3.4000000000000004
187,188,03/28/2021,Fielding,Billinge,fbillinge57@earthlink.net,F,France,6.16,20.0,4.928000000000001
188,189,03/22/2021,Rutger,Swett,rswett58@e-recht24.de,M,Canada,5.88,20.0,4.704
189,190,03/24/2021,Marion,Camm,mcamm59@unblog.fr,F,Canada,4.47,20.0,3.576
190,191,03/06/2021,Daven,Muir,dmuir5a@ifeng.com,F,United States,6.73,0.0,6.73
191,192,03/24/2021,Ninnette,McGruar,nmcgruar5b@ihg.com,M,Morocco,9.6,20.0,7.68
192,193,03/06/2021,Aurie,Farnell,afarnell5c@yale.edu,M,United States,9.32,0.0,9.32
193,194,03/17/2021,Shadow,Joselevitch,sjoselevitch5d@latimes.com,M,Canada,7.41,0.0,7.41
194,195,03/04/2021,Nike,Eronie,neronie5e@networkadvertising.org,F,France,9.71,0.0,9.71
195,196,03/22/2021,Frederica,Stuchburie,fstuchburie5f@ocn.ne.jp,F,Morocco,9.51,0.0,9.51
196,197,03/20/2021,Roosevelt,Lavarack,rlavarack5g@godaddy.com,F,Canada,9.99,20.0,7.992000000000001
197,198,03/20/2021,Briano,Stapels,bstapels5h@archive.org,M,United States,7.41,20.0,5.928000000000001
198,199,03/13/2021,Janessa,Coleridge,jcoleridge5i@mapy.cz,M,France,8.88,20.0,7.104000000000001
199,200,03/04/2021,Melisse,Week,mweek5j@squidoo.com,M,France,5.55,20.0,4.44
200,201,03/04/2021,Roslyn,Else,relse5k@ifeng.com,F,United States,5.47,20.0,4.376
201,202,03/03/2021,Stearne,Antoniewski,santoniewski5l@bandcamp.com,M,France,4.2,20.0,3.3600000000000003
202,203,03/10/2021,Ewen,Grasner,egrasner5m@weather.com,F,United States,9.38,20.0,7.504000000000001
203,204,03/01/2021,Leroi,Tregunnah,ltregunnah5n@va.gov,F,France,7.44,20.0,5.952000000000001
204,205,03/18/2021,Alric,Atkyns,aatkyns5o@umn.edu,F,France,4.97,20.0,3.976
205,206,03/29/2021,Kendal,Huleatt,khuleatt5p@shutterfly.com,F,Morocco,5.82,20.0,4.656000000000001
206,207,03/22/2021,Alastair,Ackland,aackland5q@wiley.com,M,United States,7.03,20.0,5.6240000000000006
207,208,03/12/2021,Kathlin,Murty,kmurty5r@yandex.ru,F,United States,5.55,0.0,5.55
208,209,03/24/2021,Anatol,Haws,ahaws5s@who.int,M,France,9.1,20.0,7.28
209,210,03/27/2021,Ruddy,Molineux,rmolineux5t@dyndns.org,M,France,6.24,20.0,4.992000000000001
210,211,03/03/2021,Merrielle,Jarret,mjarret5u@epa.gov,M,,4.43,0.0,4.43
211,212,03/25/2021,Manny,Golley,mgolley5v@google.ru,M,France,3.21,20.0,2.568
212,213,03/27/2021,Isak,Loweth,iloweth5w@ucoz.ru,F,United States,8.82,0.0,8.82
213,214,03/16/2021,Annadiane,Teulier,ateulier5x@ftc.gov,F,United States,8.77,20.0,7.016
214,215,03/12/2021,Chloette,Giorgielli,cgiorgielli5y@bizjournals.com,F,France,5.68,0.0,5.68
215,216,03/27/2021,Peyter,Rustedge,prustedge5z@51.la,,Canada,6.14,20.0,4.912
216,217,03/26/2021,Aurie,Lemmens,alemmens60@washington.edu,M,France,6.71,0.0,6.71
217,218,03/27/2021,Gretchen,Dougherty,gdougherty61@cocolog-nifty.com,,United States,7.32,0.0,7.32
218,219,03/26/2021,Jarred,Gozney,jgozney62@indiatimes.com,F,Canada,8.68,20.0,6.944
219,220,03/04/2021,Sula,Corrigan,scorrigan63@un.org,M,France,8.62,20.0,6.896
220,221,03/12/2021,Leshia,Kuschek,lkuschek64@microsoft.com,F,,5.75,20.0,4.6000000000000005
221,222,03/21/2021,Roslyn,Peck,rpeck65@yellowbook.com,M,United States,3.96,20.0,3.168
222,223,03/26/2021,Lockwood,Sweedy,lsweedy66@twitter.com,M,Canada,8.21,20.0,6.568000000000001
223,224,03/27/2021,Alys,Lovemore,alovemore67@ucoz.ru,F,United States,3.52,0.0,3.52
224,225,03/27/2021,Josey,Kitchin,jkitchin68@walmart.com,,United States,4.39,20.0,3.512
225,226,03/10/2021,Birk,Pontain,bpontain69@home.pl,F,Canada,8.22,20.0,6.5760000000000005
226,227,03/03/2021,Leonore,Blackney,lblackney6a@wikimedia.org,F,United States,5.91,20.0,4.728000000000001
227,228,03/19/2021,Waldemar,Sweetsur,wsweetsur6b@so-net.ne.jp,M,France,9.45,20.0,7.56
228,229,03/15/2021,Vivian,Jaggi,vjaggi6c@wired.com,F,France,7.82,20.0,6.256
229,230,03/18/2021,Francis,Longdon,flongdon6d@flavors.me,M,United States,3.05,20.0,2.44
230,231,03/17/2021,Fairleigh,Gouny,fgouny6e@jimdo.com,F,United States,6.93,0.0,6.93
231,232,03/24/2021,Gibb,Barrable,gbarrable6f@angelfire.com,F,Canada,4.61,0.0,4.61
232,233,03/12/2021,Regan,Phayre,rphayre6g@ucoz.com,F,Canada,6.76,0.0,6.76
233,234,03/28/2021,Carroll,Anetts,canetts6h@senate.gov,F,United States,3.05,20.0,2.44
234,235,03/12/2021,Nancie,Birch,nbirch6i@comsenz.com,F,Canada,6.77,0.0,6.77
235,236,03/27/2021,Moselle,Dugue,mdugue6j@devhub.com,F,France,7.83,20.0,6.264
236,237,03/27/2021,Lock,Dayes,ldayes6k@ustream.tv,F,,6.39,20.0,5.112
237,238,03/05/2021,Nonie,Barwis,nbarwis6l@opera.com,M,Canada,3.03,20.0,2.424
238,239,03/07/2021,Chico,Keywood,ckeywood6m@taobao.com,F,United States,7.88,20.0,6.304
239,240,03/01/2021,Rutherford,Ready,rready6n@yolasite.com,F,Canada,4.48,20.0,3.5840000000000005
240,241,03/07/2021,Sheridan,Blay,sblay6o@indiegogo.com,M,United States,6.93,0.0,6.93
241,242,03/15/2021,Lee,Dillestone,ldillestone6p@homestead.com,M,,4.4,20.0,3.5200000000000005
242,243,03/10/2021,Sidney,Broose,sbroose6q@jigsy.com,,France,9.79,0.0,9.79
243,244,03/15/2021,Adolph,Higgen,ahiggen6r@squidoo.com,M,France,8.37,20.0,6.696
244,245,03/28/2021,Clayson,Wooderson,cwooderson6s@webeden.co.uk,F,United States,5.49,20.0,4.392
245,246,03/13/2021,Mora,Ickeringill,mickeringill6t@bluehost.com,M,France,9.37,0.0,9.37
246,247,03/02/2021,Corena,Saunper,csaunper6u@desdev.cn,M,France,9.52,20.0,7.616
247,248,03/25/2021,Courtnay,Rummin,crummin6v@weibo.com,M,United States,6.21,0.0,6.21
248,249,03/19/2021,Bradan,Loughlin,bloughlin6w@sohu.com,F,France,9.16,20.0,7.328
249,250,03/24/2021,Kelci,Esselin,kesselin6x@sbwire.com,F,,8.96,20.0,7.168000000000001
250,251,03/10/2021,Tommy,Baitman,tbaitman6y@nytimes.com,F,France,3.34,20.0,2.672
251,252,03/20/2021,Filberte,Romanski,fromanski6z@desdev.cn,M,France,8.24,0.0,8.24
252,253,03/05/2021,Trenna,Jaskiewicz,tjaskiewicz70@ustream.tv,M,Canada,3.23,20.0,2.584
253,254,03/29/2021,Pasquale,Aust,paust71@prweb.com,F,United States,9.3,20.0,7.440000000000001
254,255,03/19/2021,Locke,Whyard,lwhyard72@dailymail.co.uk,M,France,7.62,0.0,7.62
255,256,03/14/2021,Chrysler,Pickring,cpickring73@google.it,F,United States,8.74,0.0,8.74
256,257,03/22/2021,Annora,Orr,aorr74@indiegogo.com,M,Canada,8.63,0.0,8.63
257,258,03/11/2021,Dyna,Saberton,dsaberton75@cnbc.com,M,Canada,5.97,20.0,4.776
258,259,03/03/2021,Dasi,Babbage,dbabbage76@cnet.com,F,,9.52,0.0,9.52
259,260,03/18/2021,Eryn,Wybrow,ewybrow77@army.mil,F,Canada,9.71,0.0,9.71
260,261,03/12/2021,Rudie,Belin,rbelin78@yellowpages.com,M,France,3.78,20.0,3.024
261,262,03/07/2021,Glennis,Bossel,gbossel79@webmd.com,M,Canada,6.06,20.0,4.848
262,263,03/11/2021,Carlos,Beatson,cbeatson7a@howstuffworks.com,F,Canada,3.03,20.0,2.424
263,264,03/12/2021,Ervin,Yeliashev,eyeliashev7b@freewebs.com,M,France,8.15,0.0,8.15
264,265,03/21/2021,Brock,Spridgeon,bspridgeon7c@buzzfeed.com,M,,7.91,20.0,6.328
265,266,03/22/2021,Montague,South,msouth7d@google.it,F,France,3.87,0.0,3.87
266,267,03/20/2021,Malinde,Croose,mcroose7e@flickr.com,F,United States,8.65,20.0,6.920000000000001
267,268,03/23/2021,Dix,Brandi,dbrandi7f@behance.net,F,France,9.33,0.0,9.33
268,269,03/13/2021,Alasdair,Duckworth,aduckworth7g@indiatimes.com,F,,4.66,20.0,3.728
269,270,03/02/2021,Zach,Wannell,zwannell7h@ox.ac.uk,M,United States,9.02,20.0,7.216
270,271,03/13/2021,Daffi,Organ,dorgan7i@ox.ac.uk,F,France,3.37,0.0,3.37
271,272,03/19/2021,Titos,Copelli,tcopelli7j@pagesperso-orange.fr,F,,8.02,0.0,8.02
272,273,03/28/2021,Rich,Dicken,rdicken7k@eepurl.com,M,France,7.05,0.0,7.05
273,274,03/11/2021,Blakeley,Adams,badams7l@people.com.cn,F,France,3.73,0.0,3.73
274,275,03/23/2021,Darlleen,Rioch,drioch7m@biglobe.ne.jp,F,France,8.61,20.0,6.888
275,276,03/06/2021,Ibbie,Rawlinson,irawlinson7n@sun.com,F,France,3.17,0.0,3.17
276,277,03/06/2021,Cesar,Musgrove,cmusgrove7o@cyberchimps.com,M,France,6.73,20.0,5.384
277,278,03/19/2021,Gerick,Truckell,gtruckell7p@jiathis.com,F,United States,9.83,0.0,9.83
278,279,03/16/2021,Emmeline,Cowhig,ecowhig7q@bbb.org,F,United States,4.44,0.0,4.44
279,280,03/12/2021,Conway,Winters,cwinters7r@dropbox.com,F,France,3.29,0.0,3.29
280,281,03/03/2021,Frederik,Corbin,fcorbin7s@163.com,F,France,6.11,20.0,4.888000000000001
281,282,03/07/2021,Kippar,Ridsdole,kridsdole7t@photobucket.com,M,United States,4.93,20.0,3.944
282,283,03/15/2021,Lezley,Muat,lmuat7u@icq.com,M,United States,4.54,0.0,4.54
283,284,03/23/2021,Ingemar,Kropp,ikropp7v@prlog.org,,,6.05,0.0,6.05
284,285,03/16/2021,Clarance,Fagan,cfagan7w@livejournal.com,M,United States,5.63,0.0,5.63
285,286,03/15/2021,Reeta,Matevushev,rmatevushev7x@engadget.com,F,France,5.87,0.0,5.87
286,287,03/15/2021,Alvie,Thaw,athaw7y@issuu.com,M,Canada,3.23,20.0,2.584
287,288,03/18/2021,Werner,Halloway,whalloway7z@adobe.com,M,United States,9.98,0.0,9.98
288,289,03/27/2021,Homer,Testin,htestin80@gov.uk,M,,5.84,0.0,5.84
289,290,03/15/2021,Wandis,MacCoughen,wmaccoughen81@so-net.ne.jp,M,Morocco,9.13,20.0,7.304000000000001
290,291,03/15/2021,Inglebert,Terram,iterram82@hatena.ne.jp,F,United States,8.19,0.0,8.19
291,292,03/01/2021,Devin,Bugby,dbugby83@sina.com.cn,F,United States,3.81,20.0,3.048
292,293,03/18/2021,Cortie,Kadd,ckadd84@wikimedia.org,,France,5.86,0.0,5.86
293,294,03/09/2021,Oswald,Callar,ocallar85@list-manage.com,M,Canada,8.84,0.0,8.84
294,295,03/20/2021,Jeff,Kelledy,jkelledy86@flavors.me,F,France,3.33,20.0,2.664
295,296,03/16/2021,Woodman,Vequaud,wvequaud87@bloglines.com,M,France,4.74,20.0,3.7920000000000003
296,297,03/01/2021,Dorolice,Pointing,dpointing88@vkontakte.ru,F,France,8.89,20.0,7.112000000000001
297,298,03/23/2021,Haley,Shann,hshann89@youku.com,M,France,8.34,0.0,8.34
298,299,03/04/2021,Staci,Sandle,ssandle8a@mac.com,M,Canada,6.47,0.0,6.47
299,300,03/18/2021,Ramsey,Gogie,rgogie8b@disqus.com,M,France,8.66,0.0,8.66
300,301,03/05/2021,Read,Shuttleworth,rshuttleworth8c@wix.com,M,United States,9.57,20.0,7.656000000000001
301,302,03/22/2021,Ollie,Suermeier,osuermeier8d@istockphoto.com,F,Morocco,9.98,0.0,9.98
302,303,03/20/2021,Audi,Davies,adavies8e@linkedin.com,M,Canada,3.48,20.0,2.7840000000000003
303,304,03/28/2021,Mickie,Heinlein,mheinlein8f@sciencedaily.com,F,Canada,7.71,20.0,6.168
304,305,03/11/2021,Rodrick,Gierek,rgierek8g@kickstarter.com,M,Morocco,8.27,0.0,8.27
305,306,03/13/2021,Ashil,Castan,acastan8h@1688.com,F,United States,3.63,20.0,2.904
306,307,03/02/2021,Berget,Lawee,blawee8i@wired.com,F,France,4.4,20.0,3.5200000000000005
307,308,03/18/2021,Brynn,Henken,bhenken8j@plala.or.jp,M,France,8.28,20.0,6.624
308,309,03/14/2021,Guenevere,Mullinder,gmullinder8k@photobucket.com,F,France,3.63,20.0,2.904
309,310,03/14/2021,Garfield,Swanne,gswanne8l@yale.edu,F,United States,7.04,0.0,7.04
310,311,03/03/2021,Hailey,Gludor,hgludor8m@storify.com,M,France,3.84,0.0,3.84
311,312,03/29/2021,Archaimbaud,Sweetland,asweetland8n@state.gov,F,United States,5.21,20.0,4.168
312,313,03/08/2021,Jess,Manklow,jmanklow8o@eepurl.com,F,Canada,8.33,20.0,6.664000000000001
313,314,03/24/2021,Noel,Havercroft,nhavercroft8p@europa.eu,M,United States,7.71,0.0,7.71
314,315,03/03/2021,Shir,Quince,squince8q@issuu.com,F,France,9.12,20.0,7.295999999999999
315,316,03/20/2021,Saw,Brookesbie,sbrookesbie8r@edublogs.org,M,United States,3.09,0.0,3.09
316,317,03/28/2021,Duncan,Dymocke,ddymocke8s@archive.org,F,Morocco,5.83,20.0,4.664000000000001
317,318,03/22/2021,Tana,Volker,tvolker8t@stanford.edu,F,Canada,9.19,0.0,9.19
318,319,03/30/2021,Carter,Beavors,cbeavors8u@plala.or.jp,M,France,8.61,0.0,8.61
319,320,03/01/2021,Gerhard,Briddock,gbriddock8v@bing.com,M,United States,8.25,0.0,8.25
320,321,03/07/2021,Jereme,Carncross,jcarncross8w@com.com,F,United States,9.92,0.0,9.92
321,322,03/29/2021,Shana,Leak,sleak8x@wunderground.com,M,France,3.79,20.0,3.032
322,323,03/14/2021,Irena,Fudge,ifudge8y@mapquest.com,M,France,8.31,20.0,6.648000000000001
323,324,03/23/2021,Gaile,Shrawley,gshrawley8z@ifeng.com,F,France,9.43,20.0,7.5440000000000005
324,325,03/06/2021,Erinn,Naire,enaire90@timesonline.co.uk,M,France,7.72,20.0,6.176
325,326,03/04/2021,Giff,Ciccarello,gciccarello91@studiopress.com,F,France,3.44,0.0,3.44
326,327,03/25/2021,Hammad,Mulrean,hmulrean92@wordpress.org,F,,4.18,20.0,3.344
327,328,03/05/2021,Cherice,Curtois,ccurtois93@toplist.cz,F,Canada,4.57,0.0,4.57
328,329,03/28/2021,Timmie,Hubbert,thubbert94@nyu.edu,F,France,7.12,0.0,7.12
329,330,03/04/2021,Dehlia,Ellson,dellson95@joomla.org,F,United States,5.92,0.0,5.92
330,331,03/30/2021,Randi,Willans,rwillans96@nydailynews.com,F,United States,5.0,20.0,4.0
331,332,03/28/2021,Sibyl,Crystal,scrystal97@yandex.ru,M,,9.93,20.0,7.944
332,333,03/14/2021,Sharline,Du Fray,sdufray98@qq.com,F,France,7.13,0.0,7.13
333,334,03/16/2021,Artus,Gommery,agommery99@cdc.gov,F,United States,7.78,20.0,6.224
334,335,03/07/2021,Lion,Chilver,lchilver9a@baidu.com,F,United States,4.84,20.0,3.872
335,336,03/16/2021,Read,Le Noire,rlenoire9b@marriott.com,M,France,7.3,20.0,5.84
336,337,03/02/2021,Gloria,Lindenbaum,glindenbaum9c@abc.net.au,F,France,7.89,20.0,6.312
337,338,03/14/2021,Carolyne,Eschalette,ceschalette9d@wordpress.com,M,Morocco,9.04,20.0,7.231999999999999
338,339,03/14/2021,Burr,Custance,bcustance9e@disqus.com,M,Canada,4.03,20.0,3.224
339,340,03/15/2021,Melvyn,Cruddace,mcruddace9f@gizmodo.com,M,France,6.8,20.0,5.44
340,341,03/03/2021,Peyton,Parslow,pparslow9g@cpanel.net,F,France,4.98,0.0,4.98
341,342,03/07/2021,Raimund,Mineghelli,rmineghelli9h@spiegel.de,F,France,6.7,0.0,6.7
342,343,03/25/2021,Stan,Pury,spury9i@comsenz.com,M,France,4.34,20.0,3.472
343,344,03/21/2021,Lefty,Woehler,lwoehler9j@e-recht24.de,F,France,9.47,0.0,9.47
344,345,03/24/2021,Laurens,Exposito,lexposito9k@whitehouse.gov,M,France,6.32,0.0,6.32
345,346,03/03/2021,Lura,Rosenkranc,lrosenkranc9l@google.cn,M,Canada,5.06,20.0,4.048
346,347,03/14/2021,Shelby,Kenford,skenford9m@bizjournals.com,M,United States,9.31,20.0,7.448
347,348,03/06/2021,Garreth,Philpotts,gphilpotts9n@bizjournals.com,M,France,4.3,20.0,3.44
348,349,03/20/2021,Kari,Earlam,kearlam9o@goo.ne.jp,M,Canada,3.56,20.0,2.8480000000000003
349,350,03/20/2021,Elsi,Pieper,epieper9p@jiathis.com,M,Morocco,4.23,0.0,4.23
350,351,03/07/2021,Erminia,Roberds,eroberds9q@barnesandnoble.com,M,United States,7.83,20.0,6.264
351,352,03/19/2021,Clyde,Lorroway,clorroway9r@zdnet.com,F,United States,8.41,20.0,6.728000000000001
352,353,03/15/2021,Vivianna,Duckit,vduckit9s@etsy.com,F,France,6.49,0.0,6.49
353,354,03/07/2021,Corbett,Trodden,ctrodden9t@nsw.gov.au,F,Canada,7.18,20.0,5.744
354,355,03/28/2021,Raimundo,Kores,rkores9u@behance.net,M,United States,6.75,0.0,6.75
355,356,03/22/2021,Antoinette,Irvin,airvin9v@meetup.com,F,Canada,4.72,0.0,4.72
356,357,03/19/2021,Georgette,Colicot,gcolicot9w@unblog.fr,F,France,3.68,20.0,2.9440000000000004
357,358,03/12/2021,Barnabas,Shortan,bshortan9x@theglobeandmail.com,M,France,3.6,20.0,2.8800000000000003
358,359,03/01/2021,Etan,Muller,emuller9y@army.mil,M,,9.85,0.0,9.85
359,360,03/21/2021,Lillis,O'Neary,loneary9z@dmoz.org,F,United States,7.19,20.0,5.752000000000001
360,361,03/12/2021,Base,Gianuzzi,bgianuzzia0@barnesandnoble.com,,France,9.88,0.0,9.88
361,362,03/25/2021,Rosene,Fielder,rfieldera1@netvibes.com,M,Canada,6.46,20.0,5.168
362,363,03/22/2021,Mureil,Bartke,mbartkea2@simplemachines.org,F,Morocco,7.93,20.0,6.344
363,364,03/02/2021,Carolee,Abelson,cabelsona3@csmonitor.com,F,United States,3.53,20.0,2.824
364,365,03/16/2021,Reamonn,Whitmarsh,rwhitmarsha4@vk.com,M,United States,9.23,0.0,9.23
365,366,03/05/2021,Sal,Jon,sjona5@vimeo.com,M,United States,7.79,0.0,7.79
366,367,03/06/2021,Meris,Duce,mducea6@nhs.uk,F,United States,3.23,0.0,3.23
367,368,03/03/2021,Obidiah,Colbourn,ocolbourna7@purevolume.com,M,France,3.73,20.0,2.984
368,369,03/12/2021,Olympia,Whitton,owhittona8@theguardian.com,M,Canada,8.75,20.0,7.0
369,370,03/18/2021,Yard,Goaks,ygoaksa9@sun.com,M,United States,4.16,20.0,3.3280000000000003
370,371,03/15/2021,Ambros,Chittem,achittemaa@dion.ne.jp,F,France,5.54,20.0,4.432
371,372,03/13/2021,Reese,Gianasi,rgianasiab@github.com,,France,4.56,20.0,3.6479999999999997
372,373,03/30/2021,Hewitt,Barense,hbarenseac@chron.com,F,United States,5.35,0.0,5.35
373,374,03/08/2021,Julieta,Ricks,jricksad@webeden.co.uk,F,United States,4.91,20.0,3.9280000000000004
374,375,03/19/2021,Cord,MacAscaidh,cmacascaidhae@wp.com,M,France,9.5,20.0,7.6000000000000005
375,376,03/14/2021,Abagael,Lafflina,alafflinaaf@prlog.org,F,Morocco,6.5,20.0,5.2
376,377,03/23/2021,Keslie,Nunan,knunanag@google.co.uk,F,,4.53,20.0,3.6240000000000006
377,378,03/21/2021,Hildagarde,Dews,hdewsah@ehow.com,F,United States,6.84,20.0,5.472
378,379,03/19/2021,Kennie,Taffee,ktaffeeai@ucoz.ru,M,France,4.98,20.0,3.9840000000000004
379,380,03/21/2021,Sheelagh,Gilmore,sgilmoreaj@bing.com,F,Morocco,8.17,20.0,6.5360000000000005
380,381,03/24/2021,Ephrayim,Wassung,ewassungak@unesco.org,M,United States,9.83,20.0,7.864000000000001
381,382,03/03/2021,Mary,Brigdale,mbrigdaleal@yellowbook.com,F,France,4.42,0.0,4.42
382,383,03/26/2021,Verene,Ingham,vinghamam@trellian.com,F,France,5.49,0.0,5.49
383,384,03/22/2021,Rosanna,Donativo,rdonativoan@hugedomains.com,M,Canada,3.95,0.0,3.95
384,385,03/23/2021,Raviv,Deniske,rdeniskeao@nps.gov,F,United States,3.27,20.0,2.616
385,386,03/14/2021,Kellina,Penning,kpenningap@mac.com,M,United States,4.69,20.0,3.7520000000000007
386,387,03/12/2021,Jayme,Giottini,jgiottiniaq@cbc.ca,F,Morocco,3.34,20.0,2.672
387,388,03/01/2021,Luciana,Robjohns,lrobjohnsar@vimeo.com,M,United States,5.27,20.0,4.216
388,389,03/29/2021,Maury,Warters,mwartersas@ifeng.com,M,France,7.72,0.0,7.72
389,390,03/19/2021,Kinna,Bartolomieu,kbartolomieuat@un.org,F,France,4.3,20.0,3.44
390,391,03/10/2021,Gawain,Siebert,gsiebertau@house.gov,F,United States,5.62,20.0,4.496
391,392,03/29/2021,Bab,Bartul,bbartulav@g.co,,France,8.24,0.0,8.24
392,393,03/17/2021,Orrin,Boller,obolleraw@hhs.gov,M,France,3.18,20.0,2.5440000000000005
393,394,03/17/2021,Randolph,Brown,rbrownax@huffingtonpost.com,,,4.2,20.0,3.3600000000000003
394,395,03/27/2021,Pietrek,Najara,pnajaraay@squidoo.com,M,France,3.66,20.0,2.9280000000000004
395,396,03/09/2021,Rutter,Mityukov,rmityukovaz@cnn.com,F,United States,9.4,0.0,9.4
396,397,03/20/2021,Marshall,Kuhn,mkuhnb0@ft.com,F,United States,5.66,0.0,5.66
397,398,03/14/2021,Bondon,Rizzillo,brizzillob1@fotki.com,M,United States,9.47,20.0,7.5760000000000005
398,399,03/26/2021,Giulietta,Hun,ghunb2@tiny.cc,F,Morocco,9.96,20.0,7.968000000000001
399,400,03/10/2021,Wilbert,Cossor,wcossorb3@freewebs.com,F,France,4.76,20.0,3.808
400,401,03/13/2021,Marcile,Trahearn,mtrahearnb4@umich.edu,M,France,6.75,0.0,6.75
401,402,03/10/2021,Niko,Mityukov,nmityukovb5@auda.org.au,F,United States,6.34,20.0,5.072
402,403,03/16/2021,Ty,Lehrian,tlehrianb6@flickr.com,F,France,8.64,0.0,8.64
403,404,03/13/2021,Riki,Mallows,rmallowsb7@scribd.com,F,France,5.65,20.0,4.5200000000000005
404,405,03/30/2021,Keefer,Toovey,ktooveyb8@unesco.org,F,France,5.08,20.0,4.064
405,406,03/08/2021,Oralle,MacAvddy,omacavddyb9@360.cn,F,United States,8.88,20.0,7.104000000000001
406,407,03/26/2021,Collen,Goad,cgoadba@usa.gov,M,France,9.31,0.0,9.31
407,408,03/28/2021,Lanie,Slidders,lsliddersbb@aol.com,M,Morocco,4.42,0.0,4.42
408,409,03/20/2021,Larry,Amberger,lambergerbc@about.com,M,France,5.5,20.0,4.4
409,410,03/19/2021,Romain,Gutowska,rgutowskabd@intel.com,M,Canada,6.6,20.0,5.28
410,411,03/25/2021,Sawyere,Brelsford,sbrelsfordbe@ucoz.com,M,France,5.45,0.0,5.45
411,412,03/05/2021,Kendal,Golling,kgollingbf@ustream.tv,F,France,3.18,20.0,2.5440000000000005
412,413,03/01/2021,Flor,Fischer,ffischerbg@php.net,M,France,8.95,20.0,7.16
413,414,03/30/2021,Silvano,Tinner,stinnerbh@delicious.com,M,Canada,7.04,0.0,7.04
414,415,03/23/2021,Hollyanne,Feehan,hfeehanbi@hubpages.com,M,France,3.08,20.0,2.4640000000000004
415,416,03/02/2021,Amitie,Aubry,aaubrybj@msu.edu,,France,4.57,0.0,4.57
416,417,03/19/2021,Garrik,Matousek,gmatousekbk@buzzfeed.com,M,Canada,9.97,0.0,9.97
417,418,03/30/2021,Abigail,Taverner,atavernerbl@google.com.au,F,France,3.23,20.0,2.584
418,419,03/18/2021,Norrie,Gandrich,ngandrichbm@sciencedirect.com,F,France,10.0,0.0,10.0
419,420,03/16/2021,Amabelle,Haken,ahakenbn@furl.net,F,United States,7.38,0.0,7.38
420,421,03/12/2021,Hilda,Holdall,hholdallbo@odnoklassniki.ru,F,France,6.98,20.0,5.5840000000000005
421,422,03/13/2021,Rori,Raulstone,rraulstonebp@china.com.cn,F,France,6.37,0.0,6.37
422,423,03/05/2021,Merrill,Povall,mpovallbq@cbc.ca,M,France,3.72,20.0,2.9760000000000004
423,424,03/01/2021,Ainsley,Tschierasche,atschieraschebr@sogou.com,M,United States,4.31,20.0,3.448
424,425,03/23/2021,Bond,Mowson,bmowsonbs@wired.com,,France,8.16,20.0,6.5280000000000005
425,426,03/14/2021,Reena,Matous,rmatousbt@blogspot.com,F,France,4.86,20.0,3.8880000000000003
426,427,03/02/2021,Latrina,Tacey,ltaceybu@addtoany.com,F,United States,5.16,20.0,4.128
427,428,03/18/2021,Trisha,Humphrys,thumphrysbv@merriam-webster.com,M,Canada,7.9,20.0,6.32
428,429,03/18/2021,Fenelia,Squeers,fsqueersbw@columbia.edu,F,France,9.2,0.0,9.2
429,430,03/19/2021,Hannie,Sorsby,hsorsbybx@de.vu,F,Canada,8.01,20.0,6.408
430,431,03/19/2021,Sergent,Duffrie,sduffrieby@cnet.com,F,Canada,8.11,20.0,6.4879999999999995
431,432,03/22/2021,Aurelie,Bunting,abuntingbz@purevolume.com,F,Canada,7.31,20.0,5.848
432,433,03/13/2021,Charley,Kretchmer,ckretchmerc0@virginia.edu,M,Canada,3.93,20.0,3.144
433,434,03/21/2021,Roxana,Betke,rbetkec1@com.com,M,Canada,9.32,0.0,9.32
434,435,03/17/2021,Clara,Dawidowicz,cdawidowiczc2@smh.com.au,M,United States,7.66,20.0,6.128
435,436,03/29/2021,Maggee,Fishley,mfishleyc3@google.com.hk,F,France,9.19,20.0,7.352
436,437,03/21/2021,Cherey,Wildey,cwildeyc4@auda.org.au,M,France,5.62,20.0,4.496
437,438,03/13/2021,Maude,McRannell,mmcrannellc5@plala.or.jp,M,United States,8.46,20.0,6.768000000000001
438,439,03/17/2021,Lenora,Gouldbourn,lgouldbournc6@uol.com.br,F,France,3.14,20.0,2.5120000000000005
439,440,03/03/2021,Turner,Paolicchi,tpaolicchic7@a8.net,F,United States,4.76,20.0,3.808
440,441,03/03/2021,Bartholemy,Pippard,bpippardc8@weather.com,F,France,5.71,0.0,5.71
441,442,03/12/2021,Wilt,Yeend,wyeendc9@umn.edu,M,Canada,6.35,20.0,5.08
442,443,03/19/2021,Leonerd,Siddell,lsiddellca@wordpress.org,F,France,4.91,0.0,4.91
443,444,03/14/2021,Clyde,Braundt,cbraundtcb@wsj.com,M,,3.2,20.0,2.5600000000000005
444,445,03/04/2021,Iseabal,Landers,ilanderscc@cmu.edu,M,France,8.08,20.0,6.464
445,446,03/05/2021,Ag,Dwelly,adwellycd@ow.ly,F,Morocco,4.1,20.0,3.28
446,447,03/11/2021,Ailis,Hamber,ahamberce@sohu.com,,United States,6.98,20.0,5.5840000000000005
447,448,03/04/2021,Mateo,Gozzard,mgozzardcf@ow.ly,F,France,7.28,0.0,7.28
448,449,03/02/2021,Charmain,Humbatch,chumbatchcg@epa.gov,F,France,4.24,0.0,4.24
449,450,03/04/2021,Amabel,Ceyssen,aceyssench@seesaa.net,F,France,4.43,20.0,3.544
450,451,03/10/2021,Heath,Kleint,hkleintci@naver.com,M,United States,5.57,20.0,4.456
451,452,03/18/2021,Maritsa,Spratling,mspratlingcj@netlog.com,M,Morocco,3.49,0.0,3.49
452,453,03/05/2021,Scottie,Schinetti,sschinettick@phoca.cz,F,France,6.77,20.0,5.416
453,454,03/25/2021,Emile,Kinnier,ekinniercl@chronoengine.com,M,United States,8.23,20.0,6.5840000000000005
454,455,03/13/2021,Gretchen,Picken,gpickencm@squidoo.com,M,France,9.18,20.0,7.344
455,456,03/06/2021,Giff,Dudderidge,gdudderidgecn@ted.com,F,United States,7.22,20.0,5.776
456,457,03/26/2021,Gallagher,Pudsall,gpudsallco@yelp.com,M,France,3.79,20.0,3.032
457,458,03/14/2021,Ceciley,Gleed,cgleedcp@smugmug.com,M,France,8.75,20.0,7.0
458,459,03/12/2021,Bernardine,Caslin,bcaslincq@ycombinator.com,M,,4.54,20.0,3.632
459,460,03/05/2021,Willow,Bianco,wbiancocr@blogtalkradio.com,M,France,3.93,20.0,3.144
460,461,03/16/2021,Jobey,Bernon,jbernoncs@si.edu,M,Canada,9.06,20.0,7.248000000000001
461,462,03/20/2021,Mahala,Oxlee,moxleect@tinypic.com,F,United States,4.84,20.0,3.872
462,463,03/23/2021,Ephrem,Thorsen,ethorsencu@sciencedaily.com,M,United States,6.55,0.0,6.55
463,464,03/13/2021,Melitta,Lattos,mlattoscv@reverbnation.com,F,,5.79,20.0,4.632000000000001
464,465,03/14/2021,Emeline,Nellies,enelliescw@friendfeed.com,F,United States,3.25,0.0,3.25
465,466,03/02/2021,Caye,Muckle,cmucklecx@1und1.de,F,France,8.83,20.0,7.064
466,467,03/05/2021,Virgie,Face,vfacecy@ehow.com,F,,6.93,0.0,6.93
467,468,03/16/2021,Kassia,Duker,kdukercz@bravesites.com,F,United States,7.99,20.0,6.392
468,469,03/28/2021,Judas,Iston,jistond0@xing.com,F,United States,4.03,20.0,3.224
469,470,03/28/2021,Cristy,Scholz,cscholzd1@php.net,F,France,8.18,20.0,6.5440000000000005
470,471,03/28/2021,Pam,MacMichael,pmacmichaeld2@skyrock.com,F,France,5.15,20.0,4.12
471,472,03/06/2021,Ripley,Chittock,rchittockd3@prnewswire.com,F,Canada,4.25,20.0,3.4000000000000004
472,473,03/22/2021,Alex,Southerell,asoutherelld4@1688.com,F,United States,9.4,0.0,9.4
473,474,03/16/2021,Jonell,Rosenzveig,jrosenzveigd5@salon.com,F,Canada,6.23,20.0,4.984000000000001
474,475,03/20/2021,Amos,Olyonov,aolyonovd6@g.co,M,Canada,3.2,0.0,3.2
475,476,03/21/2021,Irwinn,Martinson,imartinsond7@squarespace.com,M,France,9.36,0.0,9.36
476,477,03/11/2021,Colleen,Skillett,cskillettd8@harvard.edu,M,France,8.75,20.0,7.0
477,478,03/02/2021,Tamas,Meredith,tmeredithd9@google.com.hk,F,,5.05,20.0,4.04
478,479,03/26/2021,Tamra,Haggleton,thaggletonda@aboutads.info,F,United States,3.57,20.0,2.856
479,480,03/19/2021,Rene,McDade,rmcdadedb@wikimedia.org,M,United States,9.21,20.0,7.368000000000001
480,481,03/04/2021,Evyn,Bunson,ebunsondc@technorati.com,,United States,7.52,20.0,6.016
481,482,03/27/2021,Wyatt,Blant,wblantdd@ft.com,M,United States,3.28,0.0,3.28
482,483,03/02/2021,Cortie,Horrell,chorrellde@netscape.com,M,France,7.72,20.0,6.176
483,484,03/04/2021,Armstrong,Perrin,aperrindf@theatlantic.com,F,France,8.54,20.0,6.832
484,485,03/08/2021,Gaile,Fawbert,gfawbertdg@yahoo.co.jp,M,United States,3.8,20.0,3.04
485,486,03/24/2021,Erich,Sinfield,esinfielddh@wiley.com,M,France,8.32,20.0,6.656000000000001
486,487,03/02/2021,Courtney,Morfield,cmorfielddi@last.fm,M,United States,5.8,20.0,4.64
487,488,03/05/2021,Padgett,Henzer,phenzerdj@gov.uk,F,France,3.56,0.0,3.56
488,489,03/06/2021,Susana,Fuzzens,sfuzzensdk@usgs.gov,F,Canada,4.51,20.0,3.608
489,490,03/09/2021,Petronille,McRonald,pmcronalddl@stanford.edu,M,United States,7.04,20.0,5.632000000000001
490,491,03/09/2021,Mordy,Krzyzanowski,mkrzyzanowskidm@reverbnation.com,M,France,6.16,20.0,4.928000000000001
491,492,03/12/2021,Sibilla,Leake,sleakedn@simplemachines.org,M,France,9.75,0.0,9.75
492,493,03/05/2021,Brittne,Dysert,bdysertdo@tuttocitta.it,M,France,7.14,20.0,5.712
493,494,03/01/2021,Jasun,Rooke,jrookedp@angelfire.com,F,France,7.19,20.0,5.752000000000001
494,495,03/08/2021,Taddeo,Halleday,thalledaydq@hud.gov,M,France,4.54,0.0,4.54
495,496,03/16/2021,Sari,Mora,smoradr@github.io,F,Canada,8.4,0.0,8.4
496,497,03/18/2021,Bessy,MacDonagh,bmacdonaghds@storify.com,F,Canada,7.08,0.0,7.08
497,498,03/03/2021,Bordy,Borrowman,bborrowmandt@howstuffworks.com,M,Canada,7.19,0.0,7.19
498,499,03/04/2021,Rebecka,Domnin,rdomnindu@wikipedia.org,F,Canada,9.36,20.0,7.4879999999999995
499,500,03/21/2021,Orlando,Becaris,obecarisdv@chron.com,M,Morocco,6.31,0.0,6.31
500,501,03/11/2021,Adore,Milham,amilhamdw@nba.com,F,United States,4.24,20.0,3.3920000000000003
501,502,03/20/2021,Gardener,Bentzen,gbentzendx@army.mil,F,United States,8.49,20.0,6.792000000000001
502,503,03/14/2021,Susana,Anyene,sanyenedy@technorati.com,F,France,3.57,20.0,2.856
503,504,03/02/2021,Katina,Meacher,kmeacherdz@mapquest.com,M,Canada,3.6,20.0,2.8800000000000003
504,505,03/02/2021,Jemmy,Culkin,jculkine0@latimes.com,F,France,3.02,0.0,3.02
505,506,03/14/2021,Minne,Kiely,mkielye1@mlb.com,F,United States,6.27,20.0,5.016
506,507,03/20/2021,Boyce,Snelgar,bsnelgare2@goo.ne.jp,M,Canada,7.36,20.0,5.888000000000001
507,508,03/30/2021,Korie,Lening,kleninge3@businesswire.com,M,France,3.56,0.0,3.56
508,509,03/07/2021,Che,McQuorkel,cmcquorkele4@businesswire.com,M,France,6.17,0.0,6.17
509,510,03/26/2021,Cynthie,Mcasparan,cmcasparane5@nydailynews.com,F,United States,3.88,20.0,3.104
510,511,03/30/2021,Clementina,Adcocks,cadcockse6@cyberchimps.com,M,France,8.18,20.0,6.5440000000000005
511,512,03/04/2021,Opalina,Tomeo,otomeoe7@vinaora.com,F,United States,7.3,20.0,5.84
512,513,03/22/2021,Emmery,Rubke,erubkee8@ask.com,F,France,4.01,0.0,4.01
513,514,03/28/2021,Greta,Maultby,gmaultbye9@bloglines.com,M,United States,5.68,20.0,4.544
514,515,03/02/2021,Grethel,Lohan,glohanea@tripod.com,M,France,6.27,20.0,5.016
515,516,03/24/2021,Eustacia,Dingate,edingateeb@nationalgeographic.com,M,Canada,5.84,20.0,4.672
516,517,03/21/2021,Madella,Lamminam,mlamminamec@histats.com,M,United States,6.91,0.0,6.91
517,518,03/13/2021,Gill,MacDermott,gmacdermotted@seesaa.net,M,United States,8.38,20.0,6.704000000000001
518,519,03/09/2021,Rex,Enright,renrightee@cpanel.net,M,France,4.78,0.0,4.78
519,520,03/26/2021,Del,Braine,dbraineef@aboutads.info,M,France,5.21,20.0,4.168
520,521,03/28/2021,Gert,Redmond,gredmondeg@tripadvisor.com,,United States,8.94,20.0,7.152
521,522,03/05/2021,Archy,Tinman,atinmaneh@nasa.gov,F,France,8.35,20.0,6.68
522,523,03/20/2021,Wilek,Lernihan,wlernihanei@unesco.org,F,United States,6.73,20.0,5.384
523,524,03/16/2021,Arnie,Davy,adavyej@hexun.com,F,Canada,7.96,20.0,6.368
524,525,03/10/2021,Leon,Brandreth,lbrandrethek@mediafire.com,F,United States,7.85,20.0,6.28
525,526,03/21/2021,Philipa,Dumbreck,pdumbreckel@cpanel.net,F,United States,8.1,20.0,6.48
526,527,03/18/2021,Madelina,Bright,mbrightem@4shared.com,M,France,6.52,20.0,5.216
527,528,03/24/2021,Brandon,Hurran,bhurranen@blogtalkradio.com,F,France,6.64,0.0,6.64
528,529,03/20/2021,Nikolai,Cockram,ncockrameo@addtoany.com,M,United States,6.2,20.0,4.960000000000001
529,530,03/05/2021,Nickola,Catterell,ncatterellep@wikimedia.org,M,United States,7.31,20.0,5.848
530,531,03/27/2021,Tristan,Busen,tbuseneq@gizmodo.com,F,United States,4.83,20.0,3.8640000000000003
531,532,03/30/2021,Samuel,Fiddler,sfiddlerer@businessinsider.com,F,France,7.79,20.0,6.232
532,533,03/17/2021,Rosamund,Pawlick,rpawlickes@about.com,F,Morocco,5.65,20.0,4.5200000000000005
533,534,03/27/2021,Aloin,Meus,ameuset@phoca.cz,M,United States,6.16,0.0,6.16
534,535,03/28/2021,Michale,McCullough,mmccullougheu@bloomberg.com,F,United States,5.3,20.0,4.24
535,536,03/05/2021,Delmar,Woltman,dwoltmanev@mtv.com,F,France,9.89,0.0,9.89
536,537,03/16/2021,Salomone,Kendrick,skendrickew@is.gd,F,United States,7.91,20.0,6.328
537,538,03/08/2021,Alphonso,Fayerman,afayermanex@businesswire.com,,Morocco,9.08,20.0,7.264
538,539,03/14/2021,Janela,Wesker,jweskerey@oracle.com,F,United States,5.32,20.0,4.256
539,540,03/26/2021,Aime,Herley,aherleyez@paypal.com,F,United States,7.16,20.0,5.728000000000001
540,541,03/13/2021,Jeannie,Sante,jsantef0@usnews.com,F,Canada,3.38,0.0,3.38
541,542,03/07/2021,Tera,Hartridge,thartridgef1@clickbank.net,M,Morocco,3.73,20.0,2.984
542,543,03/19/2021,Gilbert,Kiddey,gkiddeyf2@paginegialle.it,M,France,3.09,20.0,2.472
543,544,03/13/2021,Cord,Scoines,cscoinesf3@acquirethisname.com,M,France,5.61,20.0,4.488
544,545,03/08/2021,Francyne,How to preserve,fhowtopreservef4@fda.gov,F,France,4.83,0.0,4.83
545,546,03/25/2021,Constanta,McKinie,cmckinief5@canalblog.com,,France,5.82,20.0,4.656000000000001
546,547,03/22/2021,Angelia,Illingsworth,aillingsworthf6@redcross.org,F,France,8.8,0.0,8.8
547,548,03/28/2021,Wendi,Woolmer,wwoolmerf7@infoseek.co.jp,M,United States,4.22,0.0,4.22
548,549,03/06/2021,Karel,Moncaster,kmoncasterf8@vk.com,M,United States,7.78,20.0,6.224
549,550,03/04/2021,Leese,Kunath,lkunathf9@hostgator.com,F,Canada,9.82,20.0,7.856000000000001
550,551,03/06/2021,Bar,Palley,bpalleyfa@yahoo.co.jp,,Canada,9.29,20.0,7.4319999999999995
551,552,03/18/2021,Sherie,Jermy,sjermyfb@foxnews.com,F,Morocco,5.91,20.0,4.728000000000001
552,553,03/14/2021,Corena,Vequaud,cvequaudfc@adobe.com,M,Canada,5.48,0.0,5.48
553,554,03/27/2021,Arlina,Burgyn,aburgynfd@jiathis.com,F,France,5.24,20.0,4.192
554,555,03/29/2021,Casi,Criple,ccriplefe@hostgator.com,F,United States,7.12,0.0,7.12
555,556,03/10/2021,Mikael,Trebilcock,mtrebilcockff@intel.com,F,France,7.5,20.0,6.0
556,557,03/28/2021,Jourdan,Korn,jkornfg@bing.com,F,Canada,6.46,0.0,6.46
557,558,03/29/2021,Nannie,Robel,nrobelfh@blinklist.com,F,Canada,7.95,20.0,6.36
558,559,03/18/2021,Hannah,Arran,harranfi@qq.com,M,United States,3.98,0.0,3.98
559,560,03/25/2021,Cecil,MacAless,cmacalessfj@prweb.com,M,United States,7.89,20.0,6.312
560,561,03/10/2021,Karlyn,Bawden,kbawdenfk@shutterfly.com,F,France,3.74,0.0,3.74
561,562,03/09/2021,Jacobo,Cattonnet,jcattonnetfl@fotki.com,F,France,4.87,20.0,3.8960000000000004
562,563,03/14/2021,Rudyard,Cosgrove,rcosgrovefm@arstechnica.com,,France,3.86,20.0,3.088
563,564,03/29/2021,Nerte,Stollwerck,nstollwerckfn@domainmarket.com,F,Canada,4.17,20.0,3.3360000000000003
564,565,03/16/2021,Elisha,Golden,egoldenfo@dmoz.org,F,United States,6.11,0.0,6.11
565,566,03/04/2021,Thorpe,Phorsby,tphorsbyfp@live.com,M,Canada,5.63,20.0,4.5040000000000004
566,567,03/20/2021,Mallory,Burke,mburkefq@ycombinator.com,M,Canada,5.48,0.0,5.48
567,568,03/14/2021,Gage,Dusting,gdustingfr@who.int,F,France,6.02,20.0,4.816
568,569,03/24/2021,Jens,Bosket,jbosketfs@sun.com,F,France,9.38,20.0,7.504000000000001
569,570,03/29/2021,Faith,Bambra,fbambraft@mac.com,M,United States,3.36,20.0,2.688
570,571,03/01/2021,Gal,Dragon,gdragonfu@wikia.com,F,France,5.6,0.0,5.6
571,572,03/01/2021,Marielle,Doherty,mdohertyfv@weibo.com,F,France,5.56,20.0,4.4479999999999995
572,573,03/08/2021,Harwilll,Haycraft,hhaycraftfw@1und1.de,F,France,8.18,0.0,8.18
573,574,03/24/2021,Alanson,Wagen,awagenfx@miibeian.gov.cn,M,France,6.51,20.0,5.208
574,575,03/25/2021,Jamill,Storek,jstorekfy@ucoz.ru,M,France,4.86,0.0,4.86
575,576,03/14/2021,Lucien,Rigate,lrigatefz@kickstarter.com,M,United States,4.55,20.0,3.64
576,577,03/20/2021,Friederike,Boyda,fboydag0@bloglovin.com,M,France,4.12,20.0,3.2960000000000003
577,578,03/12/2021,Lorelle,Fiennes,lfiennesg1@salon.com,F,France,3.03,20.0,2.424
578,579,03/04/2021,Thornie,Letterick,tletterickg2@ycombinator.com,M,Canada,4.36,20.0,3.4880000000000004
579,580,03/06/2021,Vassili,De Cleyne,vdecleyneg3@facebook.com,F,Canada,7.45,20.0,5.960000000000001
580,581,03/04/2021,Myrtice,Stangoe,mstangoeg4@yahoo.com,M,United States,8.55,20.0,6.840000000000001
581,582,03/19/2021,Maureen,Crick,mcrickg5@abc.net.au,M,Morocco,7.66,0.0,7.66
582,583,03/01/2021,Devinne,Daice,ddaiceg6@huffingtonpost.com,M,France,6.5,20.0,5.2
583,584,03/27/2021,Raf,Fuggles,rfugglesg7@dailymotion.com,M,France,3.77,0.0,3.77
584,585,03/26/2021,Tedi,Hazelgreave,thazelgreaveg8@soundcloud.com,M,United States,3.46,20.0,2.7680000000000002
585,586,03/16/2021,Dur,Teasell,dteasellg9@mapquest.com,F,United States,4.17,20.0,3.3360000000000003
586,587,03/24/2021,Blaire,Ondrak,bondrakga@japanpost.jp,M,France,8.92,0.0,8.92
587,588,03/23/2021,Xavier,Sleeford,xsleefordgb@theglobeandmail.com,M,,9.71,0.0,9.71
588,589,03/21/2021,Colas,Prudham,cprudhamgc@adobe.com,M,France,4.36,0.0,4.36
589,590,03/13/2021,Jayson,Jennaway,jjennawaygd@si.edu,M,France,6.4,0.0,6.4
590,591,03/29/2021,Bertram,Hazael,bhazaelge@apple.com,M,,7.62,0.0,7.62
591,592,03/23/2021,Nikolos,Sibthorp,nsibthorpgf@aboutads.info,F,United States,7.5,20.0,6.0
592,593,03/16/2021,Zoe,Daughtry,zdaughtrygg@scientificamerican.com,F,France,3.92,20.0,3.136
593,594,03/10/2021,Lorine,Cullum,lcullumgh@bravesites.com,F,United States,5.1,20.0,4.08
594,595,03/19/2021,Jose,Dumbelton,jdumbeltongi@instagram.com,M,France,8.45,0.0,8.45
595,596,03/11/2021,Carlos,Allbrook,callbrookgj@weather.com,M,France,9.42,0.0,9.42
596,597,03/09/2021,Gwendolin,Bigland,gbiglandgk@slate.com,F,United States,9.86,20.0,7.888
597,598,03/24/2021,Edlin,Tiptaft,etiptaftgl@lycos.com,M,United States,9.09,0.0,9.09
598,599,03/23/2021,Sibilla,Monday,smondaygm@plala.or.jp,F,Morocco,5.81,20.0,4.648
599,600,03/29/2021,Bil,Sarsfield,bsarsfieldgn@state.tx.us,M,United States,5.36,20.0,4.288
600,601,03/19/2021,Lusa,McColgan,lmccolgango@nature.com,F,Morocco,5.98,20.0,4.784000000000001
601,602,03/28/2021,Ciro,Libbe,clibbegp@dot.gov,F,France,6.43,0.0,6.43
602,603,03/30/2021,Sanderson,Dockreay,sdockreaygq@hexun.com,F,France,8.15,20.0,6.5200000000000005
603,604,03/23/2021,Beryle,Guerin,bgueringr@comcast.net,M,France,6.48,20.0,5.184000000000001
604,605,03/03/2021,Derick,Salvin,dsalvings@squidoo.com,F,France,8.75,20.0,7.0
605,606,03/03/2021,Courtnay,Shuter,cshutergt@netscape.com,F,France,6.12,0.0,6.12
606,607,03/19/2021,Arda,Yude,ayudegu@dailymail.co.uk,F,Morocco,6.18,20.0,4.944
607,608,03/19/2021,Garrick,Ferrulli,gferrulligv@linkedin.com,M,United States,8.24,0.0,8.24
608,609,03/23/2021,Jareb,Teideman,jteidemangw@cbsnews.com,F,United States,4.93,0.0,4.93
609,610,03/24/2021,Torin,Sibbert,tsibbertgx@arstechnica.com,M,United States,3.31,0.0,3.31
610,611,03/12/2021,Jorie,Penk,jpenkgy@webs.com,M,France,8.6,0.0,8.6
611,612,03/13/2021,Scott,McCarney,smccarneygz@dion.ne.jp,M,United States,6.85,20.0,5.48
612,613,03/05/2021,Buddy,Fleg,bflegh0@clickbank.net,M,United States,9.05,20.0,7.240000000000001
613,614,03/19/2021,Lek,Garton,lgartonh1@twitpic.com,F,France,4.02,0.0,4.02
614,615,03/08/2021,Jerry,Cookley,jcookleyh2@abc.net.au,F,United States,3.35,20.0,2.68
615,616,03/18/2021,Tate,Mulvenna,tmulvennah3@java.com,M,United States,5.08,20.0,4.064
616,617,03/02/2021,Burlie,Pascow,bpascowh4@moonfruit.com,F,Canada,8.42,20.0,6.736000000000001
617,618,03/09/2021,Law,Beaney,lbeaneyh5@netscape.com,M,United States,3.31,0.0,3.31
618,619,03/27/2021,Archibaldo,Buddleigh,abuddleighh6@arstechnica.com,F,France,7.99,20.0,6.392
619,620,03/02/2021,Joell,Benkhe,jbenkheh7@wired.com,,United States,5.89,20.0,4.712
620,621,03/18/2021,Cicily,Musslewhite,cmusslewhiteh8@live.com,,France,5.79,0.0,5.79
621,622,03/04/2021,Esme,Jodlkowski,ejodlkowskih9@zdnet.com,F,Morocco,9.72,0.0,9.72
622,623,03/10/2021,Lorin,Nestor,lnestorha@google.fr,,Canada,7.72,20.0,6.176
623,624,03/27/2021,Haven,Cornilli,hcornillihb@drupal.org,M,France,3.61,20.0,2.888
624,625,03/07/2021,Nollie,Okenfold,nokenfoldhc@home.pl,F,France,4.39,20.0,3.512
625,626,03/07/2021,Redford,Spindler,rspindlerhd@google.pl,F,France,7.89,20.0,6.312
626,627,03/03/2021,Prinz,Sterndale,psterndalehe@quantcast.com,M,France,7.03,20.0,5.6240000000000006
627,628,03/13/2021,Saul,Resun,sresunhf@list-manage.com,M,Morocco,7.39,0.0,7.39
628,629,03/12/2021,Vally,Flea,vfleahg@loc.gov,M,France,9.84,0.0,9.84
629,630,03/14/2021,Kalina,Fairnington,kfairningtonhh@netscape.com,M,Canada,9.85,0.0,9.85
630,631,03/06/2021,Randi,Gullan,rgullanhi@discovery.com,M,France,3.05,20.0,2.44
631,632,03/14/2021,Fletch,Mandy,fmandyhj@sciencedaily.com,F,United States,3.22,0.0,3.22
632,633,03/25/2021,Thurston,Collie,tcolliehk@indiegogo.com,F,France,4.35,20.0,3.48
633,634,03/16/2021,Rolfe,McKmurrie,rmckmurriehl@wired.com,M,France,8.75,20.0,7.0
634,635,03/03/2021,Kathie,Wisniowski,kwisniowskihm@imageshack.us,F,France,4.62,20.0,3.696
635,636,03/25/2021,Adrian,Hriinchenko,ahriinchenkohn@sciencedirect.com,M,United States,4.49,0.0,4.49
636,637,03/17/2021,Avery,Piecha,apiechaho@bbb.org,M,United States,4.5,20.0,3.6
637,638,03/20/2021,Madel,Sylvaine,msylvainehp@sbwire.com,M,United States,4.49,20.0,3.5920000000000005
638,639,03/30/2021,Darb,Wogan,dwoganhq@xing.com,F,United States,9.58,20.0,7.664000000000001
639,640,03/15/2021,Madlin,Guite,mguitehr@google.it,F,France,6.5,0.0,6.5
640,641,03/13/2021,Aleksandr,Speariett,aspearietths@google.it,M,Canada,8.72,20.0,6.976000000000001
641,642,03/17/2021,Silvana,Calderon,scalderonht@wsj.com,M,France,8.54,20.0,6.832
642,643,03/24/2021,Duke,Foxen,dfoxenhu@google.com.au,M,France,9.32,20.0,7.456
643,644,03/01/2021,Candy,Mealiffe,cmealiffehv@noaa.gov,M,France,7.12,0.0,7.12
644,645,03/26/2021,Adda,Nevin,anevinhw@stanford.edu,M,France,3.73,20.0,2.984
645,646,03/08/2021,Judy,Chuney,jchuneyhx@mlb.com,M,Morocco,8.96,20.0,7.168000000000001
646,647,03/21/2021,Eva,Corke,ecorkehy@spotify.com,,Canada,4.46,0.0,4.46
647,648,03/20/2021,Alanson,Butterick,abutterickhz@imdb.com,M,Canada,6.63,20.0,5.304
648,649,03/10/2021,Theresina,Constable,tconstablei0@usnews.com,M,Morocco,4.7,20.0,3.7600000000000002
649,650,03/22/2021,Dilly,Cherrison,dcherrisoni1@shutterfly.com,M,France,9.33,0.0,9.33
650,651,03/19/2021,Marcela,Youngman,myoungmani2@naver.com,F,United States,4.84,20.0,3.872
651,652,03/19/2021,Kingsly,Dorracott,kdorracotti3@narod.ru,F,France,9.84,20.0,7.872
652,653,03/06/2021,Sutherlan,Motto,smottoi4@prlog.org,M,United States,4.2,20.0,3.3600000000000003
653,654,03/28/2021,Reid,Yushkin,ryushkini5@nsw.gov.au,,,5.3,0.0,5.3
654,655,03/30/2021,Antonius,Beresfore,aberesforei6@weather.com,F,United States,6.59,0.0,6.59
655,656,03/10/2021,Roselle,Lemerle,rlemerlei7@virginia.edu,F,United States,7.2,20.0,5.760000000000001
656,657,03/17/2021,Dallas,von Hagt,dvonhagti8@illinois.edu,F,France,6.91,20.0,5.5280000000000005
657,658,03/28/2021,Sydney,Makeswell,smakeswelli9@whitehouse.gov,,France,3.2,20.0,2.5600000000000005
658,659,03/08/2021,Nonna,Cotilard,ncotilardia@issuu.com,F,France,9.3,20.0,7.440000000000001
659,660,03/21/2021,Levon,Jaine,ljaineib@google.ru,M,Morocco,4.92,0.0,4.92
660,661,03/09/2021,Waverley,Perris,wperrisic@desdev.cn,F,France,3.03,20.0,2.424
661,662,03/29/2021,Westbrook,Fowler,wfowlerid@chron.com,M,France,3.75,0.0,3.75
662,663,03/11/2021,Carol,Glennie,cglennieie@squarespace.com,M,Canada,5.2,20.0,4.16
663,664,03/01/2021,Camala,Oleksiak,coleksiakif@friendfeed.com,F,United States,3.59,0.0,3.59
664,665,03/03/2021,Janet,Dimitriev,jdimitrievig@foxnews.com,F,Canada,7.09,20.0,5.672000000000001
665,666,03/08/2021,Ibbie,Bettanay,ibettanayih@disqus.com,M,France,5.78,0.0,5.78
666,667,03/06/2021,Jelene,Creer,jcreerii@facebook.com,M,United States,9.1,20.0,7.28
667,668,03/13/2021,Gustav,Riggulsford,griggulsfordij@naver.com,F,France,5.26,20.0,4.208
668,669,03/05/2021,Aggie,Kempe,akempeik@accuweather.com,F,United States,6.24,0.0,6.24
669,670,03/24/2021,Nick,Elsey,nelseyil@ft.com,F,France,8.18,20.0,6.5440000000000005
670,671,03/13/2021,Mel,Arrigo,marrigoim@chronoengine.com,M,United States,6.62,20.0,5.296
671,672,03/05/2021,Alexandre,Liverock,aliverockin@spiegel.de,F,United States,9.08,20.0,7.264
672,673,03/04/2021,Tallie,Clunan,tclunanio@samsung.com,F,United States,3.46,0.0,3.46
673,674,03/01/2021,Lyn,Kase,lkaseip@jiathis.com,F,France,9.27,0.0,9.27
674,675,03/07/2021,Daffi,Bartolomeo,dbartolomeoiq@histats.com,F,Canada,6.39,20.0,5.112
675,676,03/17/2021,Corine,Sictornes,csictornesir@google.com.hk,F,United States,8.68,20.0,6.944
676,677,03/12/2021,Dario,Inger,dingeris@patch.com,M,United States,4.88,0.0,4.88
677,678,03/29/2021,Victoria,Rediers,vrediersit@miibeian.gov.cn,F,United States,4.72,20.0,3.776
678,679,03/23/2021,Nicoli,Bielfeld,nbielfeldiu@tuttocitta.it,M,United States,5.4,20.0,4.32
679,680,03/25/2021,Corbet,Spick,cspickiv@lycos.com,F,United States,6.72,20.0,5.376
680,681,03/20/2021,Waylen,Daice,wdaiceiw@e-recht24.de,M,France,8.83,0.0,8.83
681,682,03/02/2021,Clare,Breitler,cbreitlerix@printfriendly.com,F,Morocco,9.33,20.0,7.464
682,683,03/22/2021,Kariotta,Lindell,klindelliy@1688.com,M,United States,3.94,20.0,3.152
683,684,03/06/2021,Evangelin,Grieveson,egrievesoniz@4shared.com,M,Canada,9.96,20.0,7.968000000000001
684,685,03/28/2021,Fallon,Corteis,fcorteisj0@google.es,M,United States,5.65,20.0,4.5200000000000005
685,686,03/26/2021,Gunar,Ionesco,gionescoj1@google.es,M,France,9.38,0.0,9.38
686,687,03/28/2021,Redford,Langland,rlanglandj2@ft.com,M,Canada,6.99,20.0,5.5920000000000005
687,688,03/25/2021,Patricia,Weagener,pweagenerj3@redcross.org,F,France,3.91,0.0,3.91
688,689,03/23/2021,Udell,Maulden,umauldenj4@vimeo.com,F,France,3.54,20.0,2.8320000000000003
689,690,03/01/2021,Marta,Graeber,mgraeberj5@unc.edu,M,United States,7.3,20.0,5.84
690,691,03/14/2021,Sherwin,Wiersma,swiersmaj6@twitter.com,F,France,5.29,20.0,4.232
691,692,03/06/2021,Annetta,Stormonth,astormonthj7@jugem.jp,M,United States,8.17,20.0,6.5360000000000005
692,693,03/08/2021,Rasla,Rolling,rrollingj8@arizona.edu,M,Canada,4.95,20.0,3.9600000000000004
693,694,03/29/2021,Gabey,Brechin,gbrechinj9@vimeo.com,F,France,9.45,20.0,7.56
694,695,03/23/2021,Charlotte,McDaid,cmcdaidja@google.cn,M,France,3.74,20.0,2.9920000000000004
695,696,03/01/2021,Viv,Bardell,vbardelljb@patch.com,,France,8.4,0.0,8.4
696,697,03/29/2021,Dal,Ducarne,dducarnejc@wix.com,F,France,9.53,20.0,7.624
697,698,03/17/2021,Roxane,Erbe,rerbejd@google.de,M,United States,3.95,20.0,3.16
698,699,03/08/2021,Gael,Rothon,grothonje@i2i.jp,M,United States,9.65,20.0,7.720000000000001
699,700,03/26/2021,Mead,Woodison,mwoodisonjf@rediff.com,,France,3.89,0.0,3.89
700,701,03/21/2021,Amity,Harrild,aharrildjg@narod.ru,M,France,9.77,0.0,9.77
701,702,03/26/2021,Phillipp,Bennallck,pbennallckjh@mapquest.com,F,France,5.25,20.0,4.2
702,703,03/25/2021,Nerita,Jelly,njellyji@oaic.gov.au,M,United States,7.54,20.0,6.032
703,704,03/06/2021,Zuzana,Huebner,zhuebnerjj@forbes.com,F,United States,3.58,20.0,2.8640000000000003
704,705,03/18/2021,Donny,Testo,dtestojk@aboutads.info,F,France,7.12,0.0,7.12
705,706,03/04/2021,Verney,Stoppe,vstoppejl@xrea.com,M,Canada,9.62,20.0,7.696
706,707,03/01/2021,Gisela,MacFayden,gmacfaydenjm@answers.com,,Canada,6.84,0.0,6.84
707,708,03/29/2021,Ofelia,Brugger,obruggerjn@soundcloud.com,,France,9.45,0.0,9.45
708,709,03/29/2021,Gerald,Gligoraci,ggligoracijo@storify.com,M,France,3.73,20.0,2.984
709,710,03/23/2021,Tristan,Trenam,ttrenamjp@tumblr.com,M,,3.69,20.0,2.952
710,711,03/03/2021,Byrom,Boots,bbootsjq@taobao.com,F,Canada,3.74,20.0,2.9920000000000004
711,712,03/30/2021,Tiffy,Ryal,tryaljr@pagesperso-orange.fr,M,Canada,4.85,20.0,3.88
712,713,03/14/2021,Flossi,Martinson,fmartinsonjs@ebay.com,M,United States,3.55,20.0,2.84
713,714,03/21/2021,Aurora,Jurisch,ajurischjt@amazon.com,F,France,5.09,20.0,4.072
714,715,03/02/2021,Burnaby,Dyka,bdykaju@usnews.com,F,United States,4.88,20.0,3.904
715,716,03/28/2021,Pascale,Lage,plagejv@webmd.com,F,France,4.13,20.0,3.3040000000000003
716,717,03/20/2021,Wallache,Lammiman,wlammimanjw@bizjournals.com,F,France,5.48,20.0,4.384
717,718,03/01/2021,Teresa,Roser,troserjx@printfriendly.com,,United States,8.35,20.0,6.68
718,719,03/11/2021,Ethelin,Narey,enareyjy@uiuc.edu,M,France,3.0,20.0,2.4000000000000004
719,720,03/16/2021,Arden,Juliano,ajulianojz@auda.org.au,M,United States,9.38,20.0,7.504000000000001
720,721,03/14/2021,Maurits,Gutteridge,mgutteridgek0@i2i.jp,M,Canada,4.78,20.0,3.8240000000000003
721,722,03/02/2021,Jerrine,Stollman,jstollmank1@google.it,M,Morocco,3.06,20.0,2.4480000000000004
722,723,03/09/2021,Fernando,Simkovich,fsimkovichk2@economist.com,F,France,3.41,20.0,2.728
723,724,03/04/2021,Banky,Binnie,bbinniek3@time.com,,France,4.42,20.0,3.536
724,725,03/25/2021,Gustav,Deakins,gdeakinsk4@biblegateway.com,M,Canada,4.9,0.0,4.9
725,726,03/28/2021,Christiano,Holburn,cholburnk5@ezinearticles.com,M,United States,5.69,20.0,4.5520000000000005
726,727,03/27/2021,Sher,Spires,sspiresk6@hatena.ne.jp,F,France,6.37,20.0,5.096
727,728,03/22/2021,Karlis,de Quesne,kdequesnek7@chicagotribune.com,F,France,4.79,0.0,4.79
728,729,03/20/2021,Dalston,Croutear,dcrouteark8@ucoz.com,M,France,4.39,20.0,3.512
729,730,03/12/2021,Zach,Chell,zchellk9@soup.io,,France,5.16,20.0,4.128
730,731,03/04/2021,Shaun,Hodgen,shodgenka@hibu.com,M,United States,6.27,0.0,6.27
731,732,03/29/2021,Ches,Duerden,cduerdenkb@opera.com,M,United States,9.95,20.0,7.96
732,733,03/20/2021,Hamish,Reedick,hreedickkc@marketwatch.com,F,France,5.76,20.0,4.608
733,734,03/26/2021,Gaylene,De Benedetti,gdebenedettikd@hud.gov,,France,5.33,0.0,5.33
734,735,03/22/2021,Lesly,Skidmore,lskidmoreke@g.co,F,France,7.71,20.0,6.168
735,736,03/05/2021,Loy,Pedwell,lpedwellkf@archive.org,M,United States,6.87,0.0,6.87
736,737,03/15/2021,Constantine,Loble,cloblekg@digg.com,F,Morocco,8.44,20.0,6.752
737,738,03/08/2021,Kial,Feore,kfeorekh@icq.com,F,France,6.19,0.0,6.19
738,739,03/12/2021,Davidde,Castanho,dcastanhoki@merriam-webster.com,M,France,3.98,0.0,3.98
739,740,03/21/2021,Harriett,Kemmett,hkemmettkj@163.com,M,United States,9.27,20.0,7.416
740,741,03/19/2021,Corinna,Bassill,cbassillkk@soundcloud.com,M,France,7.76,20.0,6.208
741,742,03/02/2021,Nolly,Skeete,nskeetekl@japanpost.jp,M,United States,9.63,0.0,9.63
742,743,03/27/2021,Antonetta,Paolazzi,apaolazzikm@creativecommons.org,M,France,7.43,0.0,7.43
743,744,03/25/2021,Antons,Simper,asimperkn@imgur.com,F,,3.93,20.0,3.144
744,745,03/14/2021,Silvio,Pimblott,spimblottko@arstechnica.com,F,France,9.57,0.0,9.57
745,746,03/15/2021,Buck,Tiller,btillerkp@webmd.com,M,United States,4.68,20.0,3.7439999999999998
746,747,03/20/2021,Carol,Samett,csamettkq@slideshare.net,M,France,5.73,0.0,5.73
747,748,03/22/2021,Sindee,Thomen,sthomenkr@unicef.org,F,France,4.02,0.0,4.02
748,749,03/02/2021,Julio,Nuccitelli,jnuccitelliks@google.cn,M,United States,3.92,0.0,3.92
749,750,03/26/2021,Lindsy,Seydlitz,lseydlitzkt@guardian.co.uk,F,Canada,5.42,20.0,4.336
750,751,03/25/2021,Dale,Westmancoat,dwestmancoatku@yelp.com,,United States,3.63,20.0,2.904
751,752,03/23/2021,Mona,Bruckner,mbrucknerkv@comsenz.com,,Canada,7.25,20.0,5.800000000000001
752,753,03/08/2021,Flo,Verner,fvernerkw@cdbaby.com,F,Canada,4.48,0.0,4.48
753,754,03/15/2021,Dominica,Lazar,dlazarkx@umn.edu,F,France,5.72,20.0,4.576
754,755,03/04/2021,Killy,Rubenov,krubenovky@soup.io,,France,3.78,20.0,3.024
755,756,03/20/2021,Hale,Fevier,hfevierkz@e-recht24.de,F,Canada,6.51,20.0,5.208
756,757,03/03/2021,Bradford,Humberstone,bhumberstonel0@meetup.com,F,United States,4.61,20.0,3.6880000000000006
757,758,03/14/2021,Hamlen,Sline,hslinel1@cafepress.com,F,France,6.07,20.0,4.856000000000001
758,759,03/11/2021,Constantine,Marzelo,cmarzelol2@google.com.br,M,France,9.11,20.0,7.288
759,760,03/16/2021,Alicea,Hurrell,ahurrelll3@huffingtonpost.com,F,Canada,9.79,20.0,7.832
760,761,03/15/2021,Lucie,Thomesson,lthomessonl4@newyorker.com,M,United States,7.52,20.0,6.016
761,762,03/02/2021,Morly,Ruffles,mrufflesl5@merriam-webster.com,F,France,7.39,0.0,7.39
762,763,03/01/2021,Truman,Dunbobbin,tdunbobbinl6@weebly.com,M,Morocco,8.22,20.0,6.5760000000000005
763,764,03/22/2021,Quinton,Escreet,qescreetl7@icq.com,M,France,5.27,20.0,4.216
764,765,03/30/2021,Danna,Bugbee,dbugbeel8@hhs.gov,F,United States,6.21,0.0,6.21
765,766,03/15/2021,Jonathan,Konneke,jkonnekel9@biblegateway.com,F,France,5.68,0.0,5.68
766,767,03/21/2021,Bartlet,Ingreda,bingredala@huffingtonpost.com,F,France,7.79,20.0,6.232
767,768,03/11/2021,Holli,Moakes,hmoakeslb@sbwire.com,F,United States,3.74,20.0,2.9920000000000004
768,769,03/20/2021,Ely,Tosney,etosneylc@umich.edu,F,Canada,7.83,0.0,7.83
769,770,03/19/2021,Tedd,Hardin,thardinld@si.edu,F,United States,4.49,20.0,3.5920000000000005
770,771,03/01/2021,Lissy,Wiggington,lwiggingtonle@macromedia.com,F,Canada,4.13,0.0,4.13
771,772,03/01/2021,Vasily,Stacy,vstacylf@comcast.net,M,France,5.78,20.0,4.6240000000000006
772,773,03/20/2021,Brynne,Cottrell,bcottrelllg@spiegel.de,F,United States,7.22,0.0,7.22
773,774,03/21/2021,Adoree,Jurisic,ajurisiclh@bbb.org,F,United States,5.44,20.0,4.352
774,775,03/07/2021,Anastasia,Northing,anorthingli@biglobe.ne.jp,F,,5.7,0.0,5.7
775,776,03/11/2021,Lauren,Embling,lemblinglj@tumblr.com,F,United States,7.71,0.0,7.71
776,777,03/19/2021,Mitch,Pittel,mpittellk@kickstarter.com,M,Canada,3.86,20.0,3.088
777,778,03/21/2021,Carrie,Tooth,ctoothll@nyu.edu,F,United States,9.8,20.0,7.840000000000001
778,779,03/06/2021,Alberto,Balffye,abalffyelm@drupal.org,F,France,6.75,20.0,5.4
779,780,03/03/2021,Jean,Lanceley,jlanceleyln@github.io,M,France,5.03,20.0,4.024
780,781,03/15/2021,Camilla,Rops,cropslo@princeton.edu,M,France,6.81,20.0,5.448
781,782,03/09/2021,Mackenzie,Ciementini,mciementinilp@flavors.me,F,Canada,5.18,20.0,4.144
782,783,03/20/2021,Natividad,Aggott,naggottlq@jiathis.com,F,France,7.34,20.0,5.872
783,784,03/11/2021,Donna,Greatbank,dgreatbanklr@tmall.com,M,Canada,4.05,20.0,3.24
784,785,03/15/2021,Colleen,Grevile,cgrevilels@nhs.uk,F,France,3.21,0.0,3.21
785,786,03/06/2021,Roz,Ollis,rollislt@bbb.org,,United States,9.89,20.0,7.912000000000001
786,787,03/17/2021,Maureen,Causon,mcausonlu@nature.com,,France,4.36,0.0,4.36
787,788,03/26/2021,Peggy,Clubbe,pclubbelv@studiopress.com,F,France,5.9,20.0,4.720000000000001
788,789,03/27/2021,Elroy,Tease,eteaselw@geocities.com,M,France,6.59,0.0,6.59
789,790,03/09/2021,Elnar,Hurleston,ehurlestonlx@slideshare.net,F,Morocco,4.27,20.0,3.416
790,791,03/07/2021,Andee,Cyphus,acyphusly@apple.com,F,United States,6.59,0.0,6.59
791,792,03/11/2021,Faythe,Lofting,floftinglz@mozilla.com,F,Morocco,5.62,20.0,4.496
792,793,03/30/2021,Sammy,Bugby,sbugbym0@ameblo.jp,F,Canada,9.58,20.0,7.664000000000001
793,794,03/08/2021,Julieta,Guyonnet,jguyonnetm1@ask.com,F,United States,5.37,20.0,4.296
794,795,03/05/2021,Zack,Ber,zberm2@skyrock.com,F,France,9.51,0.0,9.51
795,796,03/03/2021,Karney,Sanchis,ksanchism3@gmpg.org,F,United States,5.32,20.0,4.256
796,797,03/21/2021,Joyan,Comberbach,jcomberbachm4@ask.com,F,France,8.9,20.0,7.120000000000001
797,798,03/26/2021,Franny,Selburn,fselburnm5@latimes.com,F,United States,3.52,20.0,2.8160000000000003
798,799,03/26/2021,Ad,Columbine,acolumbinem6@jiathis.com,M,France,7.51,20.0,6.008
799,800,03/01/2021,Demetri,Horribine,dhorribinem7@artisteer.com,F,Canada,8.48,20.0,6.784000000000001
800,801,03/27/2021,Bucky,Grimsdell,bgrimsdellm8@japanpost.jp,M,Canada,3.73,0.0,3.73
801,802,03/21/2021,Rusty,Gisborne,rgisbornem9@state.gov,F,Canada,5.76,20.0,4.608
802,803,03/14/2021,Guillermo,Dando,gdandoma@washington.edu,M,France,9.98,0.0,9.98
803,804,03/07/2021,Elicia,Winspurr,ewinspurrmb@issuu.com,F,United States,7.2,0.0,7.2
804,805,03/20/2021,Caesar,Spellesy,cspellesymc@lycos.com,F,United States,9.51,20.0,7.6080000000000005
805,806,03/08/2021,Kimmy,Dakin,kdakinmd@msu.edu,M,France,4.9,0.0,4.9
806,807,03/25/2021,Irena,Calven,icalvenme@huffingtonpost.com,F,France,3.9,20.0,3.12
807,808,03/26/2021,Martie,Ferryn,mferrynmf@ed.gov,M,France,5.97,0.0,5.97
808,809,03/20/2021,Barnie,Mulvenna,bmulvennamg@nifty.com,F,United States,8.35,20.0,6.68
809,810,03/09/2021,Aldwin,Dell Casa,adellcasamh@nifty.com,F,United States,9.84,20.0,7.872
810,811,03/03/2021,Ariana,Duckett,aduckettmi@toplist.cz,M,France,5.48,0.0,5.48
811,812,03/07/2021,Stanley,Paylor,spaylormj@soundcloud.com,M,United States,9.26,20.0,7.408
812,813,03/02/2021,Kara,Mattea,kmatteamk@cyberchimps.com,M,France,3.11,0.0,3.11
813,814,03/18/2021,Luke,Walklott,lwalklottml@blinklist.com,M,France,4.98,20.0,3.9840000000000004
814,815,03/07/2021,Elva,Muttitt,emuttittmm@cnn.com,M,United States,4.21,20.0,3.3680000000000003
815,816,03/05/2021,Shelagh,Yurivtsev,syurivtsevmn@hc360.com,M,United States,7.65,20.0,6.120000000000001
816,817,03/02/2021,Worden,Fauning,wfauningmo@so-net.ne.jp,F,United States,4.2,0.0,4.2
817,818,03/16/2021,Jarrad,Dearness,jdearnessmp@nifty.com,M,France,5.19,20.0,4.152
818,819,03/17/2021,Zilvia,Neicho,zneichomq@topsy.com,F,Canada,4.87,20.0,3.8960000000000004
819,820,03/15/2021,Bernete,Mintoft,bmintoftmr@wordpress.org,F,Canada,5.76,20.0,4.608
820,821,03/03/2021,Bibby,Lorne,blornems@amazon.co.uk,M,United States,5.51,0.0,5.51
821,822,03/28/2021,Nonie,Boobyer,nboobyermt@jimdo.com,,United States,6.52,0.0,6.52
822,823,03/26/2021,Ki,Dinzey,kdinzeymu@scribd.com,M,United States,4.76,20.0,3.808
823,824,03/10/2021,Nalani,Augar,naugarmv@mozilla.org,M,France,8.99,20.0,7.192
824,825,03/06/2021,Boris,Peeters,bpeetersmw@yale.edu,F,Canada,6.8,0.0,6.8
825,826,03/16/2021,Dale,Senechell,dsenechellmx@shinystat.com,M,United States,8.79,0.0,8.79
826,827,03/19/2021,Vincenz,McGreal,vmcgrealmy@omniture.com,M,France,4.07,20.0,3.2560000000000002
827,828,03/27/2021,Sonia,Allan,sallanmz@last.fm,M,United States,9.01,0.0,9.01
828,829,03/17/2021,Myrna,Reynault,mreynaultn0@reuters.com,F,France,6.34,20.0,5.072
829,830,03/26/2021,Lesley,Mart,lmartn1@over-blog.com,F,Canada,5.2,20.0,4.16
830,831,03/06/2021,Andeee,Dyer,adyern2@geocities.jp,M,France,7.41,20.0,5.928000000000001
831,832,03/22/2021,Thain,Upwood,tupwoodn3@apache.org,F,United States,9.97,20.0,7.976000000000001
832,833,03/16/2021,Karlie,Airlie,kairlien4@princeton.edu,M,United States,9.19,20.0,7.352
833,834,03/05/2021,Lamont,Albrighton,lalbrightonn5@weibo.com,F,Canada,8.41,0.0,8.41
834,835,03/20/2021,Ravi,Staley,rstaleyn6@dropbox.com,F,France,9.21,20.0,7.368000000000001
835,836,03/05/2021,Hy,Jeschner,hjeschnern7@irs.gov,F,Morocco,8.53,20.0,6.824
836,837,03/02/2021,Shep,Avrashin,savrashinn8@berkeley.edu,F,United States,6.67,20.0,5.336
837,838,03/02/2021,Lilith,Keave,lkeaven9@chicagotribune.com,,,9.01,0.0,9.01
838,839,03/03/2021,Sibilla,MacArdle,smacardlena@mozilla.org,M,United States,6.56,20.0,5.248
839,840,03/13/2021,Berna,Syne,bsynenb@usa.gov,F,France,7.82,20.0,6.256
840,841,03/05/2021,Kermit,Sigward,ksigwardnc@arizona.edu,M,France,6.46,20.0,5.168
841,842,03/23/2021,Norry,Kairns,nkairnsnd@businessweek.com,,France,6.92,20.0,5.5360000000000005
842,843,03/28/2021,Consuela,Itzkowicz,citzkowiczne@cbc.ca,M,France,8.63,0.0,8.63
843,844,03/25/2021,Jermain,Penchen,jpenchennf@tinypic.com,F,United States,4.62,20.0,3.696
844,845,03/30/2021,Dav,Wolstenholme,dwolstenholmeng@gravatar.com,F,,7.12,0.0,7.12
845,846,03/30/2021,Rivkah,Siemandl,rsiemandlnh@macromedia.com,M,United States,9.15,0.0,9.15
846,847,03/08/2021,Kathrine,Mugg,kmuggni@i2i.jp,M,United States,5.67,20.0,4.5360000000000005
847,848,03/23/2021,Bartel,Blanckley,bblanckleynj@diigo.com,M,United States,5.96,20.0,4.768
848,849,03/26/2021,Emelyne,Blonfield,eblonfieldnk@digg.com,F,France,3.54,20.0,2.8320000000000003
849,850,03/21/2021,Ottilie,Bartaletti,obartalettinl@hostgator.com,M,France,9.88,20.0,7.904000000000001
850,851,03/20/2021,Kial,Spraggs,kspraggsnm@wikipedia.org,M,France,8.61,0.0,8.61
851,852,03/23/2021,Lyell,Hasard,lhasardnn@amazon.co.jp,F,France,4.23,20.0,3.3840000000000003
852,853,03/23/2021,Constantia,Chuney,cchuneyno@cbsnews.com,F,France,8.09,20.0,6.472
853,854,03/12/2021,Drud,Boise,dboisenp@nih.gov,F,United States,6.02,20.0,4.816
854,855,03/15/2021,Kesley,Scohier,kscohiernq@wikimedia.org,M,France,5.8,0.0,5.8
855,856,03/12/2021,Johnathon,Cleaton,jcleatonnr@cornell.edu,F,France,9.68,0.0,9.68
856,857,03/16/2021,Flynn,Cawthery,fcawtheryns@ezinearticles.com,F,United States,7.52,20.0,6.016
857,858,03/04/2021,Nelson,Farran,nfarrannt@msn.com,M,France,5.11,20.0,4.088
858,859,03/12/2021,Sharia,Arrell,sarrellnu@people.com.cn,,United States,7.13,20.0,5.704000000000001
859,860,03/16/2021,Reinhard,Ruperti,rrupertinv@issuu.com,M,France,7.4,20.0,5.920000000000001
860,861,03/17/2021,Constantine,Robert,crobertnw@spiegel.de,M,France,7.33,20.0,5.864000000000001
861,862,03/10/2021,Paddie,Malley,pmalleynx@liveinternet.ru,M,United States,7.04,0.0,7.04
862,863,03/21/2021,Artemis,Beilby,abeilbyny@state.gov,M,France,5.43,0.0,5.43
863,864,03/15/2021,Chloris,Joesbury,cjoesburynz@nhs.uk,M,France,5.06,20.0,4.048
864,865,03/10/2021,Elyse,Driver,edrivero0@yellowbook.com,M,France,6.3,20.0,5.04
865,866,03/17/2021,Simmonds,Hindsberg,shindsbergo1@smh.com.au,F,United States,6.67,20.0,5.336
866,867,03/30/2021,Ced,Creeghan,ccreeghano2@nih.gov,M,,5.28,20.0,4.224
867,868,03/10/2021,Nonie,Avery,naveryo3@godaddy.com,,Canada,7.65,0.0,7.65
868,869,03/23/2021,Selle,Chelley,schelleyo4@w3.org,M,France,6.17,20.0,4.936
869,870,03/05/2021,Aubrie,Finnes,afinneso5@devhub.com,F,France,5.91,0.0,5.91
870,871,03/22/2021,Jaime,Philliskirk,jphilliskirko6@hostgator.com,,France,5.02,20.0,4.016
871,872,03/14/2021,Scarface,Alldis,salldiso7@cmu.edu,M,Canada,9.97,20.0,7.976000000000001
872,873,03/13/2021,Theodora,Croux,tcrouxo8@a8.net,,Morocco,9.05,0.0,9.05
873,874,03/15/2021,Thekla,Titcomb,ttitcombo9@ebay.co.uk,M,France,3.22,0.0,3.22
874,875,03/09/2021,Paolo,Claasen,pclaasenoa@google.ru,F,United States,5.93,20.0,4.744
875,876,03/27/2021,Mendel,Allcoat,mallcoatob@reverbnation.com,F,France,9.16,20.0,7.328
876,877,03/10/2021,Jeffrey,Cavee,jcaveeoc@si.edu,F,United States,9.78,0.0,9.78
877,878,03/10/2021,Kary,Cords,kcordsod@google.com.hk,F,France,3.57,20.0,2.856
878,879,03/17/2021,Corney,Atger,catgeroe@booking.com,F,France,3.29,0.0,3.29
879,880,03/12/2021,Ron,Stoffersen,rstoffersenof@imgur.com,M,United States,5.29,20.0,4.232
880,881,03/08/2021,Willard,Cuphus,wcuphusog@flavors.me,F,France,9.28,20.0,7.4239999999999995
881,882,03/29/2021,Horace,Ciciari,hciciarioh@dmoz.org,M,France,7.66,20.0,6.128
882,883,03/03/2021,Aluin,Petegrew,apetegrewoi@alibaba.com,F,Morocco,3.5,0.0,3.5
883,884,03/09/2021,Tiphani,Urridge,turridgeoj@youku.com,M,United States,9.22,20.0,7.376000000000001
884,885,03/17/2021,Jeromy,Clemits,jclemitsok@printfriendly.com,F,United States,6.15,20.0,4.920000000000001
885,886,03/29/2021,Rosabel,Trinke,rtrinkeol@nih.gov,F,France,6.96,20.0,5.5680000000000005
886,887,03/14/2021,Marylou,Jankovic,mjankovicom@amazonaws.com,F,United States,9.69,20.0,7.752
887,888,03/04/2021,Llewellyn,Lobe,llobeon@phpbb.com,M,France,7.97,20.0,6.376
888,889,03/30/2021,Emmeline,Torn,etornoo@harvard.edu,M,France,6.75,0.0,6.75
889,890,03/23/2021,Nathanil,Crebo,ncreboop@statcounter.com,F,France,5.94,0.0,5.94
890,891,03/18/2021,Rey,Veltman,rveltmanoq@umich.edu,M,France,5.02,0.0,5.02
891,892,03/29/2021,Vincenz,Torrisi,vtorrisior@weather.com,M,Morocco,3.5,20.0,2.8000000000000003
892,893,03/06/2021,Bette,Leates,bleatesos@ibm.com,F,United States,7.43,0.0,7.43
893,894,03/13/2021,Quintin,Kettleson,qkettlesonot@studiopress.com,,,8.96,0.0,8.96
894,895,03/05/2021,Woodrow,Flaubert,wflaubertou@myspace.com,M,France,4.1,20.0,3.28
895,896,03/29/2021,Sadella,Searles,ssearlesov@phoca.cz,M,France,9.76,20.0,7.808
896,897,03/15/2021,Eberhard,Pilling,epillingow@guardian.co.uk,M,United States,9.88,20.0,7.904000000000001
897,898,03/11/2021,Betteanne,De Bruijne,bdebruijneox@columbia.edu,F,Canada,4.48,20.0,3.5840000000000005
898,899,03/12/2021,Dulcine,Osborn,dosbornoy@indiatimes.com,M,France,3.83,0.0,3.83
899,900,03/10/2021,Yalonda,McArdell,ymcardelloz@wikimedia.org,M,France,9.23,20.0,7.384
900,901,03/09/2021,Karla,Amphlett,kamphlettp0@sfgate.com,M,United States,8.45,20.0,6.76
901,902,03/26/2021,Dalenna,Filippyev,dfilippyevp1@economist.com,M,France,7.09,0.0,7.09
902,903,03/23/2021,Quintina,Sterricks,qsterricksp2@cmu.edu,M,Canada,3.56,20.0,2.8480000000000003
903,904,03/02/2021,Doralynne,Kime,dkimep3@amazonaws.com,F,Morocco,8.85,20.0,7.08
904,905,03/15/2021,Christabel,Conaghy,cconaghyp4@nydailynews.com,F,United States,7.19,20.0,5.752000000000001
905,906,03/21/2021,Aloysia,Benninger,abenningerp5@twitpic.com,F,,3.4,0.0,3.4
906,907,03/11/2021,Cindelyn,Walkowski,cwalkowskip6@com.com,F,France,8.95,20.0,7.16
907,908,03/03/2021,Noah,Aliberti,nalibertip7@furl.net,F,France,6.73,0.0,6.73
908,909,03/13/2021,Ingeborg,McLevie,imcleviep8@taobao.com,M,France,4.73,20.0,3.7840000000000007
909,910,03/07/2021,Effie,Cotter,ecotterp9@ox.ac.uk,,United States,6.95,20.0,5.5600000000000005
910,911,03/14/2021,Honoria,Pollak,hpollakpa@phpbb.com,F,United States,5.35,20.0,4.28
911,912,03/10/2021,Elmira,Hardaway,ehardawaypb@dell.com,M,United States,7.66,20.0,6.128
912,913,03/04/2021,Crissy,Purvis,cpurvispc@ca.gov,F,,6.37,20.0,5.096
913,914,03/26/2021,Gayler,Farge,gfargepd@etsy.com,M,United States,7.68,20.0,6.144
914,915,03/08/2021,Giraldo,Meeny,gmeenype@taobao.com,M,France,3.22,20.0,2.5760000000000005
915,916,03/24/2021,Mikaela,Barlee,mbarleepf@hexun.com,M,France,9.16,20.0,7.328
916,917,03/07/2021,Jannel,Duckels,jduckelspg@omniture.com,M,United States,9.98,0.0,9.98
917,918,03/13/2021,Katie,Botfield,kbotfieldph@quantcast.com,F,,9.33,20.0,7.464
918,919,03/18/2021,Silvia,Daverin,sdaverinpi@uol.com.br,M,Canada,9.81,20.0,7.848000000000001
919,920,03/02/2021,Arnaldo,Eccleshare,aecclesharepj@spiegel.de,F,Canada,7.83,0.0,7.83
920,921,03/05/2021,Beulah,McIlroy,bmcilroypk@deviantart.com,F,France,9.37,0.0,9.37
921,922,03/18/2021,Micheline,Vobes,mvobespl@lulu.com,F,United States,4.13,20.0,3.3040000000000003
922,923,03/28/2021,Juan,Jiru,jjirupm@home.pl,M,France,3.46,20.0,2.7680000000000002
923,924,03/28/2021,Bili,MacClenan,bmacclenanpn@t-online.de,F,France,3.32,20.0,2.656
924,925,03/21/2021,Foster,Brosoli,fbrosolipo@zdnet.com,M,United States,9.81,0.0,9.81
925,926,03/13/2021,Kellyann,Sarll,ksarllpp@reuters.com,F,United States,6.95,20.0,5.5600000000000005
926,927,03/25/2021,Seymour,Sidebotham,ssidebothampq@alibaba.com,F,United States,7.95,0.0,7.95
927,928,03/19/2021,Darrell,Bumford,dbumfordpr@goodreads.com,F,United States,6.05,0.0,6.05
928,929,03/22/2021,Nonnah,Dibling,ndiblingps@mtv.com,M,United States,9.03,20.0,7.224
929,930,03/11/2021,Nealon,Ucchino,nucchinopt@home.pl,F,United States,8.96,0.0,8.96
930,931,03/03/2021,Tessa,Janowicz,tjanowiczpu@amazon.de,M,,9.15,0.0,9.15
931,932,03/15/2021,Tess,Saywell,tsaywellpv@wsj.com,F,United States,5.61,0.0,5.61
932,933,03/21/2021,Ashton,Hollow,ahollowpw@ft.com,F,Canada,4.64,0.0,4.64
933,934,03/18/2021,Beale,Tunnicliffe,btunnicliffepx@hc360.com,F,Canada,7.72,20.0,6.176
934,935,03/22/2021,Lorelei,Nern,lnernpy@dedecms.com,F,France,7.59,20.0,6.072
935,936,03/10/2021,Dukie,Fontaine,dfontainepz@time.com,M,France,3.3,20.0,2.64
936,937,03/27/2021,Verge,Swynfen,vswynfenq0@sourceforge.net,F,United States,7.93,20.0,6.344
937,938,03/22/2021,Gwenny,Fagence,gfagenceq1@theatlantic.com,M,France,5.3,20.0,4.24
938,939,03/23/2021,Iain,Espino,iespinoq2@zdnet.com,F,France,7.37,0.0,7.37
939,940,03/12/2021,Jed,Nunns,jnunnsq3@redcross.org,F,United States,8.45,20.0,6.76
940,941,03/24/2021,Torey,Trye,ttryeq4@harvard.edu,M,Canada,3.23,20.0,2.584
941,942,03/09/2021,Kirbie,Metzig,kmetzigq5@youku.com,F,France,6.13,0.0,6.13
942,943,03/11/2021,Delia,Moule,dmouleq6@answers.com,F,France,6.09,0.0,6.09
943,944,03/10/2021,Jasper,Leadbeater,jleadbeaterq7@buzzfeed.com,,France,7.44,20.0,5.952000000000001
944,945,03/04/2021,Wenona,Budnik,wbudnikq8@businessinsider.com,M,United States,7.89,20.0,6.312
945,946,03/14/2021,Margy,Phillpot,mphillpotq9@twitter.com,,France,7.27,20.0,5.816
946,947,03/20/2021,Artemis,Bernhardsson,abernhardssonqa@pagesperso-orange.fr,F,France,9.35,20.0,7.48
947,948,03/18/2021,Ardelia,Jaggs,ajaggsqb@sitemeter.com,F,,5.79,0.0,5.79
948,949,03/29/2021,Margareta,Sellack,msellackqc@usda.gov,F,France,5.94,20.0,4.752000000000001
949,950,03/09/2021,Liva,Larder,llarderqd@dailymail.co.uk,M,France,8.64,20.0,6.912000000000001
950,951,03/09/2021,Brett,Rutherford,brutherfordqe@hud.gov,F,France,8.35,0.0,8.35
951,952,03/22/2021,Evan,Fusedale,efusedaleqf@hc360.com,F,United States,6.13,20.0,4.904
952,953,03/28/2021,Thedrick,Dunckley,tdunckleyqg@goo.gl,F,United States,5.94,20.0,4.752000000000001
953,954,03/20/2021,Shandie,Vasyutin,svasyutinqh@mlb.com,F,France,7.56,20.0,6.048
954,955,03/11/2021,Gordie,Rushbury,grushburyqi@51.la,,United States,8.18,20.0,6.5440000000000005
955,956,03/27/2021,Prue,Stango,pstangoqj@xrea.com,M,United States,7.7,0.0,7.7
956,957,03/28/2021,Brandea,Adanet,badanetqk@hud.gov,F,France,7.93,20.0,6.344
957,958,03/20/2021,Morse,MacCosty,mmaccostyql@ucoz.com,M,France,3.07,20.0,2.456
958,959,03/25/2021,Hadleigh,Vella,hvellaqm@elegantthemes.com,F,United States,6.69,0.0,6.69
959,960,03/22/2021,Lynne,Bagger,lbaggerqn@livejournal.com,M,United States,9.4,20.0,7.5200000000000005
960,961,03/13/2021,Cart,Cristoforo,ccristoforoqo@ebay.co.uk,F,United States,9.77,20.0,7.816
961,962,03/07/2021,Trudy,Algy,talgyqp@topsy.com,F,France,9.16,0.0,9.16
962,963,03/02/2021,Elspeth,Jaffrey,ejaffreyqq@huffingtonpost.com,M,France,7.97,0.0,7.97
963,964,03/05/2021,Sarine,Gilkes,sgilkesqr@dell.com,F,France,5.92,20.0,4.736
964,965,03/16/2021,Marilyn,McKiernan,mmckiernanqs@mapy.cz,M,Canada,4.23,20.0,3.3840000000000003
965,966,03/25/2021,Arabelle,Attock,aattockqt@technorati.com,M,United States,4.3,20.0,3.44
966,967,03/04/2021,Dorie,Bruckent,dbruckentqu@japanpost.jp,M,United States,7.95,0.0,7.95
967,968,03/26/2021,Ame,Guinan,aguinanqv@narod.ru,F,United States,3.71,0.0,3.71
968,969,03/29/2021,Adelice,Tillerton,atillertonqw@ft.com,F,France,9.55,0.0,9.55
969,970,03/15/2021,Dody,Jakubovics,djakubovicsqx@ifeng.com,F,Canada,4.36,0.0,4.36
970,971,03/27/2021,Abrahan,Osant,aosantqy@cbsnews.com,F,United States,4.39,20.0,3.512
971,972,03/09/2021,Devan,Kamena,dkamenaqz@umn.edu,F,Canada,7.25,20.0,5.800000000000001
972,973,03/26/2021,Margie,Summons,msummonsr0@reverbnation.com,F,United States,6.05,20.0,4.84
973,974,03/29/2021,Aridatha,Morse,amorser1@google.com.hk,M,United States,3.31,20.0,2.648
974,975,03/07/2021,Nehemiah,Kitcherside,nkitchersider2@google.com.br,M,United States,6.76,0.0,6.76
975,976,03/02/2021,Leroi,Latus,llatusr3@istockphoto.com,F,France,5.19,20.0,4.152
976,977,03/03/2021,Sax,Prichet,sprichetr4@psu.edu,F,France,3.73,0.0,3.73
977,978,03/14/2021,Bronny,Kemball,bkemballr5@thetimes.co.uk,,Morocco,4.32,0.0,4.32
978,979,03/18/2021,Bartolemo,Veelers,bveelersr6@smh.com.au,M,Canada,7.76,20.0,6.208
979,980,03/21/2021,Miquela,Geator,mgeatorr7@dot.gov,M,France,7.17,20.0,5.736000000000001
980,981,03/21/2021,Cari,Henze,chenzer8@toplist.cz,M,France,7.8,20.0,6.24
981,982,03/20/2021,Marty,Scad,mscadr9@addthis.com,F,United States,6.46,0.0,6.46
982,983,03/07/2021,Aaren,Yesinin,ayesininra@parallels.com,F,United States,8.41,20.0,6.728000000000001
983,984,03/03/2021,Rhianon,McGrale,rmcgralerb@wix.com,M,Morocco,4.46,20.0,3.568
984,985,03/17/2021,Koressa,Abbado,kabbadorc@printfriendly.com,,United States,4.33,0.0,4.33
985,986,03/29/2021,Yvonne,Longworthy,ylongworthyrd@163.com,F,France,9.16,0.0,9.16
986,987,03/05/2021,Dukey,Espinal,despinalre@accuweather.com,M,United States,4.07,20.0,3.2560000000000002
987,988,03/13/2021,Patrice,Barr,pbarrrf@google.de,M,United States,6.2,20.0,4.960000000000001
988,989,03/07/2021,Yves,Botler,ybotlerrg@miitbeian.gov.cn,F,United States,6.1,20.0,4.88
989,990,03/16/2021,Horatius,Van Arsdalen,hvanarsdalenrh@prlog.org,,France,8.69,20.0,6.952
990,991,03/19/2021,Shep,Thorburn,sthorburnri@prnewswire.com,M,France,7.02,20.0,5.616
991,992,03/07/2021,Elihu,Crush,ecrushrj@berkeley.edu,M,Morocco,5.05,20.0,4.04
992,993,03/04/2021,Maurene,Guilloneau,mguilloneaurk@about.me,M,France,9.19,0.0,9.19
993,994,03/22/2021,Ossie,Snelle,osnellerl@nhs.uk,M,France,4.31,0.0,4.31
994,995,03/17/2021,Carolyne,Bruntjen,cbruntjenrm@reference.com,F,France,5.68,20.0,4.544
995,996,03/24/2021,Duff,Errigo,derrigorn@elpais.com,F,France,3.63,0.0,3.63
996,997,03/17/2021,Ame,Rastall,arastallro@toplist.cz,F,,4.59,20.0,3.672
997,998,03/13/2021,Betty,Stickels,bstickelsrp@cloudflare.com,M,United States,7.54,20.0,6.032
998,999,03/17/2021,Paquito,Tesoe,ptesoerq@rakuten.co.jp,M,United States,5.81,0.0,5.81
999,1000,03/23/2021,Rochelle,Pringuer,rpringuerrr@house.gov,,Canada,8.01,20.0,6.408
